course_id,dept_id,credits
SCIE 3449,5,3
SPED 1598,17,1
CSDI 1946,75,3
CHEM 4124,12,3
PHLY 3404,10,3
CSCI 3812,28,3
EDTC 1738,64,2
GRK 4033,38,3
JUST 4640,73,1
CLSC 4733,68,2
IPAM 3282,9,2
MIDG 1852,28,3
MAST 3752,62,3
PHIL 2267,23,3
NURS 4439,19,2
COMM 2154,4,2
CHIN 4370,71,2
PTHE 1139,26,1
CHEM 2399,4,2
PLAN 3045,51,1
COAS 4060,22,2
AAAS 4387,15,2
HLTH 1750,18,2
PSYC 2972,42,1
LDSP 1421,68,1
GERO 1502,67,3
ASLS 1820,13,2
NURS 2896,33,1
ONCO 1217,31,3
PUBH 3186,62,2
GRK 4696,24,2
PLAN 4632,12,1
GEOL 1249,71,1
PLAN 3599,56,3
MRST 2668,34,3
ICTN 3444,34,2
ENGL 4659,66,1
SCIE 1838,35,2
ENTR 4550,8,2
COAS 1934,24,3
BIOE 3016,54,2
MATH 2446,49,1
CSDI 3726,75,2
IDSN 2329,75,1
DASC 4654,48,2
GEOG 4302,12,3
EDUC 3982,53,1
JUST 2206,8,1
ICTN 2950,41,1
ANTH 2004,19,1
GRK 4642,8,1
ADED 4420,36,1
ASIA 2447,18,2
NCST 1462,10,3
COMM 4359,64,2
INTL 2264,16,2
RELI 3466,11,1
BISC 1196,45,1
GLST 2872,61,1
ASLS 2721,49,1
LIBS 3541,74,1
CSCI 4493,13,3
ACCT 2805,18,3
LIBS 4542,8,3
MIDG 2485,6,3
COMM 3002,31,3
GERM 1586,38,2
COAS 1084,46,1
RCTX 1524,3,1
EDTC 3348,64,1
IDSN 1162,61,1
ONCO 1249,55,2
ANTH 1954,24,3
IDIS 2688,56,2
ACCT 1433,13,3
SECS 3720,57,3
OMGT 2726,21,1
MLSC 3289,58,3
MIDG 3143,10,2
HSMA 1520,64,1
FREN 1532,11,3
CHEM 1054,42,2
HDFS 3915,70,3
GENS 2511,46,3
LDSP 1090,68,2
ISE 4126,25,1
FACS 2959,11,3
ARTH 4068,67,2
COAD 1789,62,2
RUSS 1357,50,3
THEA 3177,26,3
IENG 1585,37,1
COHE 3358,66,2
GEOL 3706,63,3
PHYS 1891,30,3
ENTR 1400,49,3
TCHR 2755,28,3
ATEP 4390,59,1
ENGL 2899,2,1
POLS 3885,64,1
FLGC 2391,7,2
SOCI 1451,68,2
IDSN 4671,40,3
GEOG 4857,58,1
DASC 2215,49,2
IENG 2278,65,1
ETHN 1712,34,1
FLGC 3050,23,3
SECS 3832,47,3
LDSP 2754,20,1
GLST 3059,18,3
POLS 2248,23,1
BIOL 4706,60,3
ITEC 2647,16,3
CHEM 3815,18,1
ETHN 3842,25,2
MKTG 1616,2,2
ANTH 2267,63,3
HMGT 4351,23,1
GEOG 1036,61,3
MLSC 3484,9,3
FORL 4228,73,1
MGMT 1858,20,1
ICS 3516,16,1
CHEM 4806,41,1
HUMS 3330,21,2
CMGT 3763,70,3
ATMO 1237,74,2
MPH 3801,60,1
CLSC 3633,61,1
HDFS 3722,10,1
HSMA 2820,26,1
TCHR 4070,20,3
BISC 2039,18,3
ENED 3270,72,3
GLST 2003,41,3
COHE 1424,11,1
HIED 3105,18,2
SUTO 2279,37,3
PTHE 2123,34,2
BIOE 4322,63,3
COAS 2177,29,2
SOCI 4153,29,1
MENG 4630,30,2
BIOE 1088,75,3
DESN 2029,55,1
LING 4442,34,1
DESN 1980,48,1
HDFS 3047,62,2
GERM 4504,33,3
MULT 2631,75,1
IDIS 2814,70,3
COAD 2479,26,3
RUSI 4659,24,2
HDFS 3416,55,3
SUTO 1472,29,2
FORL 2912,26,3
FILM 3958,44,2
GRAD 1898,39,3
DESN 3014,5,2
MIDG 1552,69,1
MKTG 1313,60,1
HLTH 2511,31,3
ENGL 4314,62,3
FACS 2732,13,1
HDFS 4790,20,2
SOCI 1833,55,2
DESN 3321,42,2
GLST 3185,50,3
MULT 2983,11,1
CSCI 2175,48,3
NUTR 4877,58,1
MIDG 2192,73,1
RUSS 2231,56,2
ANTH 1741,1,3
POLS 3214,42,2
CLAS 2882,18,1
ITAL 3247,52,3
BIME 4237,44,2
INTL 3439,48,2
TCHR 2132,28,1
CLSC 2946,46,2
HLTH 1941,33,2
COAS 1121,12,1
NUTR 2615,55,1
SCIE 4526,48,3
HPRO 4566,65,2
IENG 2059,61,1
GLST 2257,33,2
ENTR 1771,27,2
MCBI 2461,12,2
MATE 1325,61,1
BIME 2962,60,2
MATE 2879,1,2
ELEM 2674,31,1
TESL 4326,9,1
ATMO 3400,75,2
JAPN 4438,10,1
MGMT 1838,66,3
GERM 3278,29,3
GERO 3606,11,1
IENG 4496,30,3
MULT 3509,63,1
MIS 3079,37,2
KINE 4618,29,1
PADP 2579,70,3
ICS 2080,61,1
DRED 1152,9,1
MULT 1271,52,2
EDTC 2927,5,3
BIOS 4710,20,2
CLSC 4290,64,1
RUSI 3766,67,1
GRBK 1009,5,3
ADED 2625,25,3
FINA 1470,66,1
SOCI 4601,9,1
ART 2308,46,1
GERO 1447,36,3
RUSI 2018,13,1
ITEC 2751,61,2
GERM 4396,62,2
MGMT 2847,59,1
HSMA 4422,19,3
PADP 4700,24,1
FILM 2579,24,1
AAAS 4826,34,3
TESL 3337,70,1
HPRO 3083,74,2
ICTN 4765,38,3
GRBK 1389,26,1
RCSC 2974,58,3
ARTH 1686,41,3
RCSC 2865,58,3
WOST 2391,23,2
HMGT 4349,36,1
GRK 2067,27,1
RUSI 1873,18,3
PUBH 3659,3,3
COAD 2539,65,1
IDSN 2385,5,3
RELI 3348,55,3
MAST 3489,49,2
MIS 3349,10,2
HNRS 1058,38,2
IENG 1551,35,1
IDSN 1780,7,3
SOCW 4843,33,3
ENTR 1429,14,3
LDSP 4019,16,1
PSYC 4547,55,2
DRED 2828,65,2
IPAM 1468,59,1
CSCI 4360,52,2
MUSC 2283,39,1
OCCT 1436,15,1
BIOS 3350,70,3
LIBS 3051,24,1
MAST 4099,50,3
RELI 3031,41,1
IDIS 2581,43,2
FILM 1818,59,2
MGMT 2775,2,3
EDUC 4720,2,1
GERM 3386,39,1
MLSC 4331,23,1
MAST 4140,23,1
ICTN 3259,42,1
BUSI 3354,55,1
ENGR 2656,18,3
GRBK 4345,48,1
ETHN 3009,39,1
CHIN 1770,35,1
GRK 2814,67,1
PHIL 2256,42,1
HIMA 1961,52,2
PATH 3052,66,3
HDFS 3339,48,2
GERO 4046,72,2
BMSC 3513,1,1
COAD 1597,53,1
OCCT 2782,54,2
MRST 2729,16,2
CHEM 4111,41,2
MCBI 1274,51,1
GEOG 3751,14,3
LEED 4413,53,1
BMSC 2486,4,3
ITEC 3331,46,3
PATH 4256,45,2
FREN 4898,31,1
BIME 4767,59,3
BIOL 4768,59,1
BUSI 3922,8,3
HIMA 4017,6,3
SOCI 3993,1,2
GEOG 1289,26,2
COAS 3484,39,1
BUSI 1362,42,2
ISE 3654,69,1
GENS 1250,49,2
DNCE 2146,75,2
GRAD 2724,44,1
ETHN 1606,24,1
MRST 2204,41,1
EENG 4275,59,2
PUBH 2568,30,2
ICS 3707,53,3
RELI 1442,31,2
GRAD 1448,7,2
SOCI 1772,32,1
TCHR 2470,25,1
JUST 3511,23,3
ENGR 2431,44,1
ITAL 4283,62,3
AAAS 3435,65,2
OMGT 3312,73,1
CHIN 1251,69,3
FILM 1309,50,1
LDSP 1323,72,2
RUSI 4165,32,3
BIOC 2306,36,2
HPRO 3577,62,1
CHIN 2113,64,1
ACCT 2115,14,3
RCSC 3140,55,1
ADED 2185,51,1
HDFS 4437,18,3
IRHE 2556,45,2
BIOS 2920,54,3
SENG 4575,66,3
PADM 4049,64,2
CHIN 2843,21,2
ENED 4854,13,1
READ 2425,65,1
LEED 1088,41,3
JUST 4263,48,1
GRAD 2718,11,3
ARTH 3508,30,1
CLSC 2551,73,3
BMSC 3429,16,3
NEUR 3514,67,1
GERM 1036,42,3
LEED 1126,61,1
CSCI 1165,12,1
FORL 3874,56,3
GERM 2465,18,2
TESL 4717,73,1
TCHR 1323,41,3
BIOC 2262,70,2
JUST 1017,10,1
COAS 1134,7,2
SCIE 1597,16,3
GRK 4751,67,2
ASLS 1882,65,1
EENG 1992,36,3
FILM 2782,11,1
PHYS 2171,26,1
SENG 3783,70,2
BIOE 1647,54,3
PUBH 2785,5,1
MIS 1185,70,3
MPH 4716,35,2
HMGT 3398,40,2
ICS 1052,55,1
CLAS 4337,43,1
PHAR 4631,56,2
INTL 2450,10,1
SENG 3909,12,3
AERO 3174,1,1
PHAR 2672,48,3
BIOE 1413,12,1
ASIA 3345,51,1
MENG 3888,69,1
AERO 2933,45,1
CHIN 3631,47,2
IRHE 4492,24,1
COMM 4253,71,1
ENED 3912,8,2
MCBI 1088,12,3
NEUR 3560,38,2
IENG 1737,36,2
ELEM 1855,30,3
AERO 2547,35,1
ENVE 3655,74,3
IPAM 1748,53,1
LDSP 4592,29,3
PADM 2568,68,2
SOCI 3986,55,2
ANTH 3912,46,2
PADM 4329,26,2
FREN 1191,60,2
HNRS 2268,38,3
FILM 4596,7,2
RUSS 4025,19,1
SPED 2341,18,3
MIS 3244,68,3
IRHE 2118,65,1
AERO 3740,60,3
FILM 2298,17,1
RCSC 1680,71,1
COMM 2540,22,2
NCST 3458,24,1
CMGT 4034,14,2
HNRS 2953,67,3
JUST 4394,37,3
MAST 1144,39,3
MKTG 2923,10,1
NURS 3999,66,2
MIDG 3185,28,2
SPAN 1085,62,1
AERO 2404,19,3
LATN 4690,8,2
ANAT 4203,6,2
HNRS 3819,25,2
CHIN 4848,50,2
SPAN 4770,24,2
GEOL 3421,14,3
SPED 2944,61,2
ECON 1001,17,2
COAS 2775,62,2
GERM 4590,55,1
LING 3208,38,1
OMGT 3057,61,3
RCSC 4743,39,1
FLGC 4310,64,3
IDIS 1678,7,2
RELI 1945,37,3
HMGT 4620,41,2
SPED 3237,43,2
HMGT 1742,4,1
ADED 3728,64,1
JUST 4689,1,1
ENGL 1063,50,3
IDSN 1126,62,1
ITEC 2834,8,1
GERO 2766,41,2
ENTR 4017,25,1
ADRE 2229,59,2
READ 3303,14,3
ECON 1609,61,2
BIOL 2020,18,1
BIOC 2728,7,1
PADM 3263,12,3
GRK 4135,9,3
ECON 1036,21,2
SCIE 1412,66,1
GRK 4220,16,2
OMGT 2249,32,3
FACS 2777,71,1
DRED 1161,56,1
PADP 3118,36,3
MENG 1761,70,2
NEUR 4537,19,2
GENS 2198,17,3
LDHE 1475,52,2
IRHE 2418,22,3
HIED 3740,47,2
PADP 1063,67,1
LDHE 1873,54,2
MGMT 3158,12,2
SPAN 1067,17,2
SPAN 2896,71,2
HPRO 4099,39,1
GERO 4797,5,2
IPAM 1860,22,3
CLAS 4239,10,1
COHE 3610,11,1
NUTR 1377,56,1
SAFT 2083,71,1
READ 1884,6,2
MRCH 2587,62,2
COHE 1057,50,1
RONC 4628,67,1
HIED 1036,69,1
LEED 1281,16,3
SCIE 2904,32,3
BIME 1058,50,2
RONC 1252,37,3
MRCH 2428,68,1
POLS 2427,36,3
SUTO 3684,1,2
ISE 1746,14,2
SUTO 3023,15,2
ATMO 3428,9,1
ONCO 3860,55,2
PATH 4223,61,2
ACCT 2392,33,2
ITAL 1992,39,2
AERO 1889,17,2
RONC 2250,48,1
PADM 3100,59,3
POLS 4795,24,1
LDSP 2269,65,1
CSDI 1769,36,3
OCCT 4411,68,3
NEUR 1674,42,3
INTL 4370,58,2
MATE 2249,71,1
AAAS 3026,18,2
NUTR 1457,19,1
THEA 2004,19,1
PUBH 1512,27,2
GERM 4477,75,2
OCCT 4813,68,2
ART 1581,52,1
HDFS 2968,44,1
MATE 1302,47,1
MLSC 3293,6,2
SOCW 2847,45,1
TCHR 3269,11,1
IDIS 1793,47,1
ADRE 4387,24,2
NEUR 4560,29,3
HDFS 2564,56,1
JUST 2833,54,2
IDIS 3683,56,1
CHIN 1483,71,1
GERM 1859,2,3
FACS 4664,42,3
MIDG 3136,9,3
GRBK 3856,57,1
RUSI 2408,26,1
NUTR 4386,6,3
MAST 3157,49,2
CSCI 2806,50,3
GRAD 3437,4,3
PADP 2408,36,2
IPAM 3429,35,3
MATH 1927,75,1
BIOS 2973,8,1
GEOG 1759,56,1
HMGT 3759,59,2
HUMS 4198,55,1
GIFT 2351,52,3
HIMA 4504,34,2
BISC 4138,7,2
ATEP 1728,32,2
RUSI 1072,71,2
ITEC 3284,53,3
CMGT 2078,32,1
FREN 2299,19,1
BIOC 3453,17,1
RONC 1042,19,3
TCHR 2866,41,2
GRBK 3039,48,3
BIOE 4440,31,1
SAFT 1161,57,2
ATEP 4510,23,2
CLAS 1129,52,2
SCIE 4892,5,2
MUSC 4552,14,1
ELEM 4721,17,3
PHIL 4595,10,2
BIOL 4176,67,3
SPAN 2263,34,2
LATN 2905,16,3
LATN 4716,68,2
MULT 1684,47,1
TCHR 3657,21,3
COMM 4489,40,2
HIED 1192,11,2
EENG 2038,63,1
MENG 3845,53,3
SECS 2015,44,2
MIS 3321,61,2
GIFT 1952,36,2
INTL 3610,54,1
ANAT 2660,57,2
BIOE 4246,48,2
PTHE 4165,52,2
EHST 3755,21,1
ATEP 4527,65,1
DRED 4067,21,2
GRAD 1813,69,2
DESN 1767,4,3
NURS 2671,2,3
ELEM 2065,12,2
BIOS 2433,30,1
SPED 2342,73,3
IDSN 4386,75,2
LATN 3783,12,1
SCIE 4354,6,3
FINA 2690,32,3
MENG 1061,64,2
IDIS 1369,58,2
PHIL 3706,61,2
GERO 1519,58,3
COAS 2884,54,3
ISE 3489,6,1
ITEC 1541,33,2
MKTG 3607,42,1
MRCH 1354,30,1
ICS 3474,51,1
RCTX 4794,17,3
ANTH 1656,7,3
ANTH 2408,2,3
HLTH 1608,54,2
MENG 1452,43,3
ENGR 2893,26,1
HIED 3282,5,2
ANTH 2187,27,3
HIST 2085,1,3
SPAN 1343,61,2
ETHN 2005,45,3
ATMO 4185,62,3
HLTH 2265,44,2
PHAR 4208,8,1
ANAT 3931,53,2
AAAS 1656,26,3
COAD 1247,28,1
OMGT 4263,55,2
KINE 4858,35,2
RCTX 2061,5,2
GRK 2355,71,1
CLSC 2757,20,1
IPAM 2558,65,1
GENS 3487,4,1
FREN 2884,68,3
THEA 1150,15,3
ENTR 3220,1,3
ETHN 3719,27,2
LIBS 2715,13,2
ATEP 2079,43,2
FACS 2555,5,3
PHIL 3691,36,3
ADED 4101,42,1
ENVE 3151,63,2
LDHE 2126,51,3
PHYS 3390,38,3
ELEM 4035,52,2
AERO 3803,12,2
RONC 4822,17,3
HUMS 3241,55,2
COHE 1562,7,1
MCBI 4309,53,1
ACCT 4852,74,3
HMGT 2961,14,3
PHAR 4683,45,2
CSDI 3152,15,2
INTL 1445,69,1
SOCW 2843,30,2
KINE 2945,72,3
NURS 1843,58,3
BMSC 4778,19,2
ADRE 3209,17,3
ADED 1779,40,1
ADED 1086,51,2
PSYC 4410,57,3
JUST 4558,57,1
SPAN 3378,70,1
HIED 1658,11,3
GEOG 3795,29,3
ATEP 1851,9,2
TCHR 3940,45,2
MIDG 3493,22,2
PSYC 3365,20,2
IENG 2654,64,2
SOCW 2222,64,3
SPED 1220,58,2
MENG 2988,21,3
IPAM 1766,58,3
GRBK 2243,50,1
CLAS 2014,63,3
ART 3317,51,2
ELEM 2569,9,2
ASIA 2488,14,2
PATH 4362,27,1
COMM 3269,72,2
SUTO 1685,59,1
SENG 2050,10,1
FACS 3944,60,2
HIST 2091,68,3
ITAL 3418,13,3
ONCO 1731,41,3
OCCT 2400,12,3
DNCE 3380,32,2
INTL 3474,67,2
SECS 4089,2,1
READ 4779,21,2
LDHE 1854,43,2
HNRS 2697,32,1
CLSC 4077,72,1
PATH 2069,8,3
IDSN 3243,17,2
HIST 3578,71,3
ADRE 3163,46,2
FACS 2343,18,3
POLS 3501,15,2
ICS 1420,64,2
TESL 2235,15,3
ENGR 2094,12,2
ASLS 1358,10,2
IPAM 1024,26,3
RUSI 3437,4,1
SCIE 4666,27,3
FILM 3422,68,1
BMSC 3427,12,3
LIBS 3555,34,2
SOCW 4508,30,3
ADED 2440,3,1
HIED 4661,61,2
MPH 4120,37,3
ATMO 4658,42,1
RUSS 4637,67,2
DASC 3741,39,3
SCIE 2434,18,1
IDIS 2474,7,3
SPED 2354,69,2
HIMA 3559,40,1
MKTG 2868,73,3
ATMO 2409,20,3
ART 1037,47,2
PHIL 3306,52,3
RELI 1364,67,1
ART 1094,63,3
INTL 3302,35,3
RONC 2960,47,3
ENGL 4291,73,1
DRED 2414,12,2
IPAM 2115,11,1
BIOS 1599,26,2
HIED 1548,37,3
CLSC 3391,34,2
ENED 3891,37,1
ENGL 4011,53,2
MPH 4553,48,1
FLGC 2951,67,2
GRAD 3485,21,1
CMED 1374,8,3
IENG 4068,18,1
HDFS 1143,48,2
PHIL 2086,24,2
DNCE 1929,17,1
HLTH 2842,25,2
MUSC 4789,57,1
PHLY 2219,32,1
ENTR 3628,55,1
CMGT 3073,29,1
MUSC 1606,6,1
MLSC 2994,5,1
ARTH 1032,34,2
MAST 4201,26,3
WOST 4872,69,2
GRK 3686,41,1
BIOS 3863,33,1
ANTH 4079,53,1
OCCT 1469,56,1
BIOL 1802,26,3
SOCI 4124,44,3
MIS 3234,13,1
ACCT 2429,2,1
COAS 3262,36,1
POLS 1040,32,2
MULT 2061,57,3
ETHN 4498,35,3
CMGT 2891,25,3
MLSC 1533,34,1
PHYS 4641,17,1
GERO 1929,45,3
SECS 1168,20,2
MENG 3534,24,3
EENG 3461,23,1
ICTN 1105,15,1
ONCO 4287,9,3
ONCO 2906,22,1
JAPN 2238,31,2
ENGR 3186,25,1
MPH 3314,10,3
ENTR 1200,46,1
ASIA 4578,3,3
EHST 3241,65,2
DRED 3602,55,2
GERO 3788,58,3
CMGT 2159,14,3
PTHE 1921,15,2
SOCI 2800,72,3
HDFS 3772,73,1
DNCE 2031,54,3
EHST 2388,32,2
JUST 2952,1,2
HPRO 1117,31,2
BMSC 3570,9,1
CMGT 1378,51,2
ELEM 2278,43,1
RUSS 2887,47,2
SPAN 3569,73,1
DASC 3383,55,3
LDHE 2856,8,2
OMGT 2965,29,2
MLSC 2376,25,1
MGMT 4413,58,3
RUSS 2835,62,2
ASIA 4557,70,1
LDSP 1214,32,2
MULT 1922,29,2
MLSC 4052,53,3
HNRS 4649,42,2
ICTN 4269,19,3
ITAL 2098,69,2
FORL 4535,60,2
SENG 1123,27,3
BIOS 3055,3,1
MATH 3821,62,3
NUTR 1953,21,1
MIDG 1091,33,2
ETHN 1720,9,2
READ 2345,38,1
MGMT 3303,3,1
MCBI 1688,50,2
BIOL 4292,34,2
ENGL 1067,30,1
ICTN 1499,56,2
HLTH 4220,1,1
PHAR 3109,62,3
BUSI 1762,74,3
RCTX 3979,28,3
MRCH 2158,34,1
LIBS 3426,30,1
BIOS 4069,72,1
ART 2876,58,1
FACS 2837,8,1
IRHE 1243,68,3
SUTO 3099,10,1
ONCO 2448,49,2
SCIE 1425,70,1
CLSC 3727,58,3
PHIL 1671,33,2
IRHE 3406,36,3
GEOG 1054,28,3
MUSC 2161,30,1
DNCE 3532,2,2
ENED 3708,24,1
PHAR 1279,4,2
TCHR 4038,57,3
OCCT 1070,21,1
BIOL 3902,47,1
HMGT 2066,19,3
READ 2585,13,2
INTL 1716,42,3
MENG 4183,70,3
AAAS 2476,62,3
HIED 4613,28,2
MKTG 2782,73,2
RONC 2450,19,3
PATH 4782,71,1
OCCT 1788,59,3
JUST 4175,50,2
EDUC 4797,26,2
CLAS 3192,55,1
ELEM 3929,14,3
SENG 1208,60,1
DNCE 1577,9,2
AERO 2575,24,1
SOCI 2108,10,3
IDSN 1102,35,3
JAPN 2327,66,2
MCBI 1376,48,1
PADP 1025,74,1
SPAN 4771,12,3
ITAL 4591,19,1
ART 1213,28,3
GERM 3065,34,3
MKTG 2780,68,3
DASC 2346,36,1
HMGT 1189,17,1
LING 1645,75,2
BMSC 4132,31,3
SUTO 1256,27,3
MLSC 1125,36,2
PHLY 2314,31,2
BMSC 3711,19,3
ADED 1054,19,3
IDIS 2262,66,3
ENGR 2393,64,1
GRK 4753,56,2
ECON 2136,4,1
GERM 2286,53,3
PHYS 3233,41,1
RONC 3402,33,1
LING 3588,3,3
GEOG 4142,9,1
EHST 1673,3,2
ITAL 4273,66,1
FLGC 2679,12,1
MULT 2658,34,2
IDIS 3195,46,1
GEOG 3975,34,2
ISE 2069,56,3
COHE 1765,51,1
HMGT 3979,47,1
IRHE 1289,6,2
HIMA 2297,35,1
CHEM 2810,46,1
NURS 1185,51,3
PHAR 1930,37,1
NCST 2175,58,3
KINE 3733,60,1
FREN 1434,10,3
SECS 1513,68,1
ATMO 4478,36,3
ETHN 4718,58,3
BMSC 1176,51,2
ELEM 3939,18,1
JUST 2940,68,3
IDIS 2457,64,2
LIBS 3479,13,3
BIOC 3737,9,2
ART 4540,8,2
KINE 4657,27,1
ITEC 4540,37,3
LATN 2171,29,1
COMM 4174,14,1
ADED 3134,35,3
GEOL 1804,52,2
KINE 2285,28,3
NEUR 1423,26,1
MENG 4704,60,2
ONCO 3601,20,2
JUST 2919,30,2
HSMA 3074,49,3
ATEP 3915,60,2
DNCE 2374,1,1
IENG 3115,51,1
BISC 3652,70,1
BISC 1090,59,3
IRHE 1180,51,3
AERO 4160,23,2
GENS 4630,18,3
PHYS 1582,27,3
IRHE 3766,64,1
IDSN 1199,68,3
ASLS 2172,42,3
AAAS 4868,50,2
CHEM 1195,36,2
CMGT 4084,48,3
IDIS 1233,53,3
SPED 3379,62,2
RUSS 1097,51,2
CMED 4212,7,1
MPH 3814,11,3
ONCO 4008,71,3
PHAR 2210,36,3
NEUR 1074,48,1
EDTC 3042,32,3
ADRE 4102,72,1
LATN 4875,72,3
HIED 1825,15,2
IDIS 4300,44,3
MCBI 1862,67,3
BIOC 3482,28,3
COMM 3418,12,3
HUMS 2646,50,1
GERO 1019,35,3
RUSS 3183,6,2
GIFT 4202,17,1
READ 3255,17,1
GERM 3503,70,3
NURS 4166,52,1
BIOL 3394,34,1
ARTH 1517,65,1
INTL 1499,72,3
CLSC 2885,30,3
ECON 3508,69,2
GIFT 1243,44,2
LEED 4666,35,2
SOCI 2211,5,3
RUSI 1649,67,2
MIDG 1854,18,2
TCHR 3945,53,1
IPAM 2179,59,3
GENS 4766,15,1
RCTX 3691,44,2
LIBS 1535,4,2
ENTR 4449,52,1
ASLS 1023,4,3
RELI 1585,67,1
RCSC 1158,68,3
HLTH 3940,1,3
ENED 2949,2,3
MULT 1348,36,3
ITEC 2566,51,1
SOCI 2332,49,1
ANTH 1910,68,2
SPAN 2499,27,1
ANAT 2560,36,1
IPAM 4615,69,3
BIME 2809,30,3
FLGC 2408,46,2
ARTH 2505,42,1
HIMA 4292,18,1
JAPN 1287,69,3
HSMA 4264,30,1
IDSN 2153,75,3
ISE 4727,31,1
MLSC 4230,67,2
CSDI 1474,27,3
JAPN 2489,71,1
MPH 3843,2,1
ONCO 2080,52,1
COAD 4890,27,2
RONC 4395,51,3
THEA 4654,60,1
ITEC 3616,62,2
AERO 1065,63,3
ENVE 2965,35,3
CMGT 4434,53,2
RELI 2672,13,3
ANTH 4062,67,3
ART 1273,41,3
MLSC 1842,24,1
CSDI 2064,41,2
ENTR 1558,54,3
ECON 3617,15,1
NCST 4527,15,3
BIOS 4351,36,3
ISE 3904,44,1
MLSC 4173,36,2
ICS 1704,51,2
MATH 3615,31,3
BITE 3671,38,3
CLSC 1027,8,2
MCBI 3101,24,1
IDSN 1632,39,2
HSMA 1024,57,2
AERO 2372,67,2
MRST 2177,35,1
LIBS 2070,68,3
ITEC 2707,30,1
LATN 2959,72,1
HDFS 1237,10,1
SECS 2675,58,3
ATEP 2395,62,1
ART 2879,67,1
HIST 4780,24,1
GEOG 3119,25,3
CHEM 2772,57,2
HLTH 2322,47,1
PTHE 3771,28,1
ACCT 2992,18,2
SPED 4886,46,3
PSYC 1266,72,2
FINA 2701,46,2
EHST 3122,58,1
PADM 4158,7,1
WOST 3796,72,3
AAAS 2007,56,2
ADED 4612,54,2
GEOL 2023,51,3
AAAS 2934,59,3
SCIE 4845,2,3
BISC 2272,13,3
RONC 2543,25,2
COMM 3165,31,2
HMGT 1289,41,2
CSCI 1624,64,1
COAD 3519,35,2
MLSC 1478,38,1
MIDG 2320,6,2
CHEM 4479,7,3
FREN 3199,58,3
DRED 4759,67,3
PATH 2551,61,1
ELEM 2206,74,2
PHYS 4482,49,1
FACS 2101,52,3
CSCI 4894,39,1
KINE 3637,37,2
PATH 3739,33,3
GERM 1998,20,3
RUSS 4283,68,1
IDSN 4606,26,3
GEOG 3871,2,3
BIOS 2207,72,3
EDUC 3771,32,2
COAS 2356,53,3
INTL 4248,47,1
HPRO 3883,57,1
IDIS 1119,72,1
MENG 1306,24,3
MLSC 4498,44,3
ENGL 1821,18,3
HIST 2578,63,3
EENG 1335,13,1
HIED 1013,4,3
MAST 3985,55,3
ONCO 4151,69,2
ADRE 4544,4,1
HIST 3550,48,3
LATN 4679,32,3
RUSS 1475,37,3
CLAS 3299,26,3
MUSC 4693,9,1
HIED 2717,63,2
BIOS 1524,57,2
SOCI 2275,75,2
SOCI 1918,51,1
RELI 3187,6,3
PSYC 2186,68,1
NURS 1675,54,2
CMGT 3298,6,2
PHLY 4336,64,1
TESL 1811,66,1
HIMA 4634,57,2
ADED 4029,37,3
AERO 1555,3,2
COAD 2900,58,1
TCHR 2283,6,1
GEOL 4119,22,3
HMGT 2727,24,2
HIST 4129,73,3
MULT 3843,48,1
AERO 4253,29,2
SCIE 1302,33,2
EHST 3137,54,1
SPED 2833,16,2
GLST 1158,69,2
FORL 4053,43,3
KINE 1410,37,2
ONCO 4665,40,2
ITEC 1301,4,3
MRST 2566,69,3
PLAN 1886,61,3
ASIA 4537,3,3
ICS 4295,48,1
JUST 4286,68,3
PLAN 2081,8,1
LDHE 4646,27,3
PHAR 3949,53,3
ENED 2040,65,1
GEOL 2140,8,1
DESN 2408,49,3
HPRO 2563,26,2
GIFT 2483,7,3
MCBI 1932,24,2
POLS 1257,25,3
ENED 1319,69,2
ARTH 4555,25,2
ETHN 3282,25,1
FORL 4341,28,1
EDTC 4230,65,2
PHIL 4015,20,2
PLAN 3472,72,3
COHE 4433,5,2
NURS 1796,60,3
DESN 4495,61,3
MRCH 1173,45,3
ONCO 3385,68,2
PHIL 2823,1,2
EENG 3352,14,2
KINE 2437,47,1
MLSC 1567,31,2
LDSP 3326,53,3
SCIE 1659,64,3
BIOE 2245,71,2
ASIA 3809,45,1
SECS 2439,39,2
MUSC 2006,71,1
OMGT 3857,68,2
COAS 3335,23,2
PLAN 3215,69,2
JUST 4109,67,3
ARTH 3933,70,2
GRAD 4112,39,1
ETHN 2557,49,1
GRBK 3557,25,1
ATEP 2704,49,1
GRK 2657,1,1
PTHE 1591,32,3
ETHN 4577,50,1
IPAM 3243,62,3
THEA 3443,67,2
PADM 4283,29,2
ENGR 1574,74,1
FREN 2420,1,2
IDSN 3016,25,1
HLTH 2850,4,2
MENG 4416,16,1
MRST 4872,3,2
CHEM 1074,8,3
CLSC 3404,75,1
SCIE 3315,68,1
RELI 3401,23,1
ENGR 3646,5,3
FREN 3499,38,2
CHIN 1794,12,3
HLTH 2981,66,3
ONCO 1738,10,1
PHIL 1778,75,3
BMSC 3384,47,3
NEUR 1568,11,2
MUSC 1309,57,1
LIBS 3863,67,1
LIBS 1251,73,1
BMSC 1802,47,3
IENG 4867,66,1
ANAT 1079,74,2
THEA 4571,5,3
MUSC 1112,74,1
MRST 3394,47,3
SCIE 1415,43,3
HUMS 4495,41,1
MRST 4812,64,1
ENVE 2309,20,2
FORL 1481,53,3
OMGT 2445,58,2
CHIN 4302,68,2
RONC 2448,32,2
MATH 2359,56,1
CMED 4679,23,1
ADRE 3363,63,1
PSYC 3225,71,1
ARTH 3260,46,2
CMGT 1718,72,3
RUSI 3879,65,1
MPH 2499,27,2
ISE 3974,34,1
NCST 1993,22,1
CLSC 4433,62,2
PHLY 3281,68,1
ASIA 2038,5,3
HIST 1767,67,1
RCSC 2251,65,3
MAST 2514,10,1
ANAT 4296,64,3
LDSP 2373,75,1
TESL 1971,29,3
MIS 4173,4,1
HIED 2611,54,1
PHYS 3167,19,1
AAAS 3500,75,3
OMGT 2292,39,1
SOCW 3982,14,2
BUSI 3503,23,2
BUSI 3140,64,3
ITAL 1428,62,2
GIFT 3324,54,3
GERO 4067,65,2
FINA 3490,26,3
ARTH 2698,29,1
DESN 1026,3,3
HMGT 1555,38,1
OMGT 1368,20,3
FLGC 4065,75,1
TCHR 4135,29,1
COAD 4404,27,3
ENTR 3747,63,1
TESL 1798,66,1
WOST 3557,64,3
ITEC 1211,27,3
MLSC 3008,49,3
GERM 2433,64,3
ART 1745,61,1
PHIL 3285,48,1
ITAL 4441,5,1
MKTG 1062,30,3
LIBS 2365,43,1
POLS 2282,49,2
FILM 4642,71,3
COAD 4610,4,3
ANTH 3182,65,1
CSCI 2693,55,1
OMGT 1488,21,3
LEED 3726,53,1
COAS 4599,44,3
ITEC 4599,13,3
IENG 4393,55,1
RCTX 4107,36,2
READ 4625,49,1
COAD 4518,64,2
BIOL 2390,2,1
THEA 1418,56,2
DNCE 4379,68,1
CHIN 1514,49,2
ENTR 3409,42,1
BIOE 4595,69,1
RUSS 3739,8,1
GENS 3209,8,2
ADED 1365,18,1
ADED 3922,69,1
PTHE 2857,11,3
THEA 3638,9,3
INTL 4399,16,2
HIST 4279,67,1
PADM 2980,20,2
JAPN 1811,69,3
DRED 4006,48,1
LEED 3129,63,2
ANTH 4662,33,2
FREN 4459,29,1
ACCT 4114,44,1
HIED 2968,12,1
GENS 2875,29,1
PATH 2353,39,2
ETHN 2568,20,2
GEOG 1249,54,2
AAAS 1132,51,3
JUST 3626,36,2
PUBH 2901,31,1
BMSC 2558,40,3
EDTC 3032,70,1
ADED 4063,65,3
BIOS 3853,4,1
PADM 3286,57,3
HIED 1411,51,2
EENG 2859,20,1
ADRE 4252,2,1
ITAL 1232,12,3
SECS 2033,42,1
SPED 1165,42,1
PHAR 4362,69,3
RCSC 3199,41,1
ECON 4323,60,2
SPED 1885,47,2
FACS 2616,64,1
BIOL 3813,25,1
RELI 1368,74,2
ITEC 3223,24,2
FINA 4211,73,3
HPRO 3178,12,3
ART 4312,17,2
RELI 2035,69,3
SOCI 3191,4,1
BISC 2129,69,1
ART 1680,71,3
LDSP 2129,15,2
CSDI 1198,47,1
MAST 3032,1,2
ITAL 3999,9,2
SPAN 1117,56,1
HPRO 3529,9,3
PSYC 4189,72,3
RONC 4324,19,2
FORL 1240,13,2
BMSC 2504,34,3
PUBH 3920,32,3
HUMS 2901,46,3
INTL 1847,43,3
PADP 3813,39,3
PSYC 3792,27,3
HUMS 2319,69,2
BIOE 4604,5,1
GERM 1100,36,3
ADED 4186,21,3
CMED 1410,46,3
HDFS 2171,63,2
KINE 1153,74,1
TCHR 2713,8,2
PHLY 1116,12,2
MULT 2705,66,3
AAAS 4337,55,3
MENG 2737,19,2
AAAS 1846,73,3
CMED 2575,74,2
RUSS 2898,4,1
OMGT 4517,70,1
SUTO 1677,48,1
ENED 4652,5,1
ASLS 3458,17,2
MGMT 1077,4,2
NURS 3502,43,1
DRED 4511,5,2
COHE 2820,49,1
FACS 4418,38,3
GRBK 3808,17,2
GRK 3628,42,1
MLSC 4283,59,3
ITAL 4234,18,3
ENTR 2031,61,1
ENGL 1941,6,2
SUTO 1882,34,2
AAAS 2269,48,1
SENG 2843,37,3
SPAN 3800,55,2
ENTR 1730,7,1
RELI 3767,71,2
TCHR 2361,18,2
SENG 3208,64,3
BMSC 3028,61,2
BMSC 1270,4,1
ASLS 2091,35,3
GEOG 1132,8,1
CMGT 1010,18,3
TCHR 3424,19,3
IENG 3793,49,2
EHST 1223,59,2
CLAS 2652,44,1
IRHE 4086,66,1
GRK 1644,20,2
PHIL 3693,45,3
NURS 3929,39,1
PADP 4100,4,2
EHST 4148,3,3
CMED 1102,15,2
HIST 3937,19,2
OCCT 4421,31,2
ASLS 1960,6,2
SOCW 1257,11,2
GERM 4661,70,1
IPAM 1306,48,2
ONCO 4649,10,3
IDSN 4853,66,3
COHE 4771,9,1
CLAS 4573,43,2
PTHE 4559,7,3
ADED 1337,46,3
FINA 4899,67,3
INTL 2547,7,1
DESN 1562,14,1
ACCT 2376,5,3
RONC 2171,68,1
BUSI 4481,73,1
HNRS 1750,21,2
FREN 3597,45,3
ECON 2333,6,2
AERO 1253,32,2
ETHN 1400,68,3
DRED 3145,34,2
TCHR 3043,56,2
EDTC 1561,42,1
GEOL 2640,42,1
PADM 2724,32,3
BITE 2508,48,2
ATMO 3277,19,2
DNCE 1340,8,3
ASLS 4180,73,2
SOCI 1836,46,3
AAAS 4360,70,3
FLGC 4847,8,2
NUTR 4136,73,1
BIOS 2938,6,2
EENG 2966,26,3
EDUC 2205,34,2
INTL 4688,42,2
RELI 4108,51,1
HUMS 4656,18,1
PADP 1988,54,3
GERM 2383,62,3
FACS 4074,37,2
BISC 2639,45,2
PUBH 1422,63,3
PADM 2877,71,3
RONC 3373,15,1
PHLY 1501,66,2
ATEP 2424,61,2
NURS 4824,62,1
ACCT 3523,14,3
ATEP 2587,10,2
ETHN 2481,40,1
ECON 4845,22,2
SOCI 3063,46,1
UNIV 4825,74,3
COAS 4752,63,3
BIOL 2195,60,2
MLSC 1760,57,1
ICTN 3421,67,2
IDIS 2551,33,3
ANAT 1917,42,3
ART 4476,30,3
HSMA 3097,26,1
CMGT 3633,2,3
READ 4497,73,3
PTHE 3211,51,3
GERO 1941,22,1
NCST 3424,73,3
ENGL 1822,68,3
ICTN 2662,32,2
DESN 2494,54,2
ASLS 4254,72,2
FORL 1074,15,2
EENG 3925,61,3
IDIS 1767,69,2
ELEM 1782,4,3
ETHN 4683,61,2
EHST 1693,58,2
MLSC 1096,67,2
ASLS 2424,46,1
NCST 3949,28,3
PATH 3116,21,3
MULT 1117,54,1
IRHE 1205,7,3
BISC 2045,14,3
CSCI 3203,30,2
CHIN 3115,41,3
CMED 3002,61,1
HIMA 2372,42,1
IRHE 3344,15,1
ISE 4167,66,1
RELI 4454,8,1
MPH 1827,67,3
BIOL 2745,65,2
MLSC 4167,70,1
MATE 4886,16,2
READ 3124,57,2
SPED 1335,65,3
ICTN 1877,33,2
EENG 4899,60,1
IDSN 1697,74,1
SUTO 3092,45,3
PHIL 3380,59,1
SUTO 4130,46,2
GIFT 3707,66,1
HSMA 3503,7,1
HNRS 4753,26,1
HIST 1161,65,1
CSDI 3138,12,1
ARTH 1749,68,3
CHIN 4154,26,1
INTL 3570,63,3
PUBH 3177,33,3
MRCH 1477,61,1
COAS 2271,43,3
CSDI 4108,17,1
ADED 3024,44,2
BIOE 2455,54,2
HNRS 3635,22,1
DASC 2701,51,2
CHIN 3543,31,1
ENTR 1773,69,3
SENG 1016,63,3
MULT 1479,18,3
PTHE 1365,73,3
INTL 4647,6,1
SOCI 1632,28,3
LATN 1052,60,1
ASLS 2482,63,1
NCST 3468,43,2
GRBK 1538,19,1
OCCT 3387,42,1
CSCI 1969,23,3
ANTH 4003,45,1
COMM 1643,10,3
GENS 3586,5,2
ENGR 4542,31,3
SUTO 4061,32,1
EDUC 4655,3,1
ISE 1433,49,2
ETHN 3061,2,2
GERM 1346,4,3
ANTH 1498,47,1
READ 1501,1,2
PSYC 4218,60,3
COAD 3796,5,3
ADRE 1429,74,1
GENS 1545,13,3
HIED 4571,54,2
ENVE 3312,17,3
SUTO 3720,10,3
LATN 3554,30,1
GERO 3221,71,2
HIED 1093,45,2
ICS 3335,12,3
CMGT 1789,28,2
PADP 3462,34,3
EHST 1083,18,2
BIOS 2107,3,3
PHYS 1441,40,2
DNCE 1164,41,2
BIOC 1333,21,1
EENG 1836,75,3
INTL 4260,33,1
COAD 2099,13,3
ATMO 1645,60,2
NUTR 3469,44,2
DNCE 4178,70,2
TESL 2507,56,2
SOCW 1897,9,2
FACS 2193,8,2
WOST 4670,30,3
IDIS 2301,64,2
CHEM 4781,9,1
MKTG 4010,9,1
BIOC 2775,44,1
FLGC 2230,70,2
ENGR 3684,73,3
BMSC 1334,13,2
EENG 1726,62,2
GEOG 3963,33,1
ELEM 2317,20,3
MIS 4154,27,2
RUSS 2715,21,1
LING 1055,66,1
RCTX 3294,12,1
RCSC 1628,23,2
CLSC 2377,16,2
RUSS 4774,69,2
THEA 3099,38,3
PUBH 2643,62,3
OMGT 3128,54,3
CHEM 4047,32,2
MLSC 3739,37,3
JUST 4328,57,1
ICS 4537,3,3
ISE 1570,6,3
SOCI 3275,39,1
WOST 2723,1,3
ADED 1334,27,1
UNIV 4317,60,3
BIOS 3269,66,3
ADED 3769,27,3
BISC 1244,39,1
MATE 4772,30,3
DRED 2776,42,1
AERO 4545,70,3
KINE 2672,59,1
ADED 2638,59,2
MULT 4233,75,1
ANTH 2980,13,3
DASC 3818,16,3
LATN 1909,19,3
IDSN 2374,67,3
MGMT 2064,68,1
HPRO 1152,50,1
IDSN 4840,70,3
GRK 4393,70,2
COAS 2962,3,2
MRST 2000,12,3
PADM 2768,42,2
ASLS 2413,74,1
PSYC 4119,62,1
GRBK 2135,55,1
HNRS 3924,37,3
CSDI 1888,50,1
ECON 3799,19,3
ISE 2900,61,3
MATH 4497,41,1
EDUC 2801,63,3
EENG 1077,12,3
MATE 1193,50,2
PHIL 3443,68,2
NURS 4499,53,1
IDSN 1634,9,2
BIOC 3405,51,3
ENED 1493,21,3
BIOE 2604,59,1
MATE 3263,58,3
DESN 3409,39,2
MAST 2689,37,1
ATMO 4151,52,3
EDUC 4300,69,1
AAAS 4118,29,3
LATN 2224,70,1
AAAS 4442,71,3
BUSI 2649,3,2
NEUR 3456,9,1
PADP 4877,3,1
ANAT 2050,12,2
ADED 3855,5,3
HIED 2301,9,1
DRED 1072,45,3
IDSN 4644,21,2
GENS 3222,39,2
ELEM 3756,53,3
PADP 4054,49,1
CSCI 3477,3,3
PHYS 4188,17,3
IDIS 2009,26,3
FREN 1029,55,3
FINA 3747,40,1
SOCW 2966,15,1
RCSC 1556,46,1
MRST 1148,60,3
NCST 2424,41,1
PUBH 4383,56,3
TCHR 3935,19,2
MLSC 2020,27,2
COHE 1329,36,2
PLAN 4639,36,1
MULT 3180,33,1
MATH 4235,67,1
FREN 1998,33,1
COAD 4883,4,1
ENGR 4642,50,1
ENVE 4083,32,2
NURS 4443,43,2
MENG 1437,57,1
IDSN 4345,37,1
ENGR 3286,18,1
ADRE 2003,22,1
COAD 3429,36,2
HDFS 4470,8,3
GRBK 1303,73,1
ATMO 3956,4,2
GEOG 3852,66,3
RUSI 4412,61,3
EENG 4137,17,3
ADED 4474,64,2
LATN 2451,73,3
FILM 3341,75,1
ARTH 2763,45,1
IPAM 3755,53,3
ANTH 3858,15,2
HUMS 3996,2,3
BIOL 3070,45,3
FILM 1370,64,1
DASC 4115,17,3
COMM 2825,53,1
ARTH 2148,64,3
LEED 4518,14,2
ANAT 3976,61,1
ENGL 1884,1,3
BISC 1737,71,1
JUST 3138,56,3
RONC 1119,8,2
UNIV 4113,38,3
GERO 4665,25,2
PADM 1758,44,3
ANAT 2294,42,1
COMM 1153,45,3
ICTN 3305,57,3
MRCH 2184,31,3
BISC 1284,49,3
PUBH 2117,14,2
FLGC 1286,60,1
SCIE 3524,25,3
RCTX 2440,66,3
ACCT 3425,46,2
GRK 3263,46,3
MAST 3293,33,2
ART 2682,8,1
MULT 4342,46,2
EHST 2456,66,3
EHST 4638,51,1
MENG 2041,23,3
GRK 4617,5,2
DRED 3233,8,2
CMED 4758,47,1
CLSC 3935,33,1
ITAL 4368,55,3
BIOL 4431,27,1
FREN 2041,53,2
HIMA 3115,69,2
LATN 2852,65,3
CHIN 3001,65,1
LING 1957,58,1
RELI 3599,20,2
INTL 1592,36,1
ASIA 2828,36,2
GENS 1738,35,1
FINA 1271,2,2
PTHE 3893,60,3
SOCW 3230,66,2
MPH 2259,50,3
SCIE 2898,74,1
ENGR 4158,15,1
RUSS 2224,12,2
IPAM 4216,52,1
ASIA 1835,2,3
INTL 1013,5,2
JAPN 2247,69,2
PSYC 2352,53,2
CSCI 2258,46,2
ATEP 4572,44,3
ECON 2361,37,1
GRAD 4895,42,3
PHYS 4477,62,3
PADP 2580,60,1
SUTO 4795,23,1
PHIL 4551,46,1
HUMS 3737,38,1
MENG 4319,13,2
LDSP 1892,36,1
IPAM 3948,66,2
TESL 4012,70,2
GIFT 3211,4,1
COHE 4863,29,1
ENGL 3237,36,3
ENVE 3742,41,2
IDSN 3493,6,1
ACCT 4121,26,3
SPAN 1000,12,2
MCBI 2565,56,1
GENS 3303,9,2
MULT 4552,71,3
MIDG 3678,52,3
ICTN 3219,2,1
CLAS 4296,58,1
SAFT 1136,52,2
ANTH 2245,13,3
ITAL 1968,18,2
SECS 2906,49,3
LIBS 4509,66,1
LDHE 4184,46,3
RUSI 4869,13,3
FORL 4596,57,2
INTL 1317,69,3
HIST 2101,74,3
RCSC 4328,4,2
FACS 1243,33,3
AERO 2763,9,3
PTHE 1315,67,2
FLGC 3815,63,1
DASC 4425,53,3
MLSC 2492,32,2
LEED 1917,17,2
CSDI 3697,24,1
BIME 1108,47,2
MAST 1977,33,3
SOCW 1704,65,1
SECS 3471,44,2
RCSC 2223,40,1
MATE 3303,34,1
ELEM 1890,32,3
FLGC 3991,71,2
COAS 4881,25,1
MRCH 1758,14,1
EHST 3536,5,3
ARTH 1719,36,2
BIOE 1654,12,3
CLAS 4858,28,1
GENS 2708,18,1
DESN 4513,56,1
ETHN 2235,10,3
SUTO 1531,48,2
NEUR 3836,66,1
MATE 1938,47,3
CMGT 1841,74,2
ETHN 4213,68,2
HNRS 2252,51,1
LIBS 3867,1,2
MIS 1528,66,1
PHIL 1040,22,2
ATEP 3268,40,2
EENG 3613,14,3
ATEP 3321,40,2
PHLY 4098,18,2
BIOC 1796,60,1
BITE 1964,35,2
PATH 1568,12,1
EHST 1045,12,2
GENS 3160,72,2
ARTH 2143,65,3
MPH 1663,30,2
MKTG 3130,40,1
AERO 3504,9,3
MATE 1071,46,3
ADRE 3305,37,2
COAS 4505,52,1
ENED 3816,61,1
HIMA 2172,41,3
KINE 3773,25,3
FREN 1297,15,2
FORL 2049,21,3
BMSC 3556,29,2
CMED 1152,21,2
MENG 2697,70,3
GIFT 2520,52,3
SOCI 1337,70,3
MIS 2573,23,1
MULT 2617,7,2
ENGL 3385,6,2
ISE 1515,67,2
READ 1801,75,2
SUTO 3661,53,3
ASLS 2416,60,3
LING 2454,37,2
JAPN 2250,37,3
PLAN 4218,71,1
PATH 2778,75,2
TCHR 1259,59,2
GRK 1119,39,2
NEUR 2286,24,1
RONC 2953,61,1
FINA 2367,34,2
ASLS 3021,23,3
IDIS 2517,61,2
UNIV 2933,67,2
COHE 1412,21,1
GERO 4620,43,1
RONC 3829,12,3
BIOS 2878,64,1
IRHE 2510,20,1
HIST 1440,72,3
RUSS 1679,4,1
ETHN 1243,18,1
GLST 1822,64,3
RONC 2599,34,1
IDSN 1829,74,3
GERO 2328,62,2
BIOC 3507,3,2
HLTH 4388,64,3
RONC 2106,12,2
JUST 2597,58,3
GENS 1471,32,2
PADM 3487,5,2
LING 3727,44,3
ETHN 3986,24,2
LATN 4359,53,1
ART 3530,33,2
HMGT 2543,24,1
MENG 1879,48,3
THEA 1808,18,3
MRST 2381,47,3
MLSC 4874,74,2
MGMT 2467,22,1
RCSC 4795,18,3
ADRE 4203,27,3
ART 3225,74,3
ACCT 2866,69,2
IENG 2798,12,2
CSDI 1330,36,3
SOCI 3059,58,2
ASLS 4041,46,2
ADED 3574,7,3
HNRS 1037,44,2
WOST 4013,30,1
AAAS 4865,61,3
OCCT 3005,32,3
POLS 3750,7,3
GERM 1048,69,3
NURS 4194,44,2
AAAS 2221,29,3
MIDG 1918,36,1
RELI 3221,52,3
RONC 2742,4,2
EDUC 3618,67,2
NEUR 3266,4,1
ICTN 3110,22,2
EENG 4335,60,3
DNCE 4355,26,1
JAPN 3939,73,3
CLAS 2829,50,3
OCCT 1897,68,1
READ 1867,26,3
ENTR 3743,35,1
MRCH 2032,46,3
BISC 4451,64,3
RCTX 2899,55,3
RONC 1019,57,3
LDSP 2283,22,2
LDHE 3070,2,1
FINA 4862,17,3
ONCO 1118,5,1
SENG 1995,75,3
IRHE 1480,31,3
GEOL 1440,32,1
ETHN 1898,51,3
IENG 4848,24,1
COAD 4466,55,3
ENGR 4034,39,1
ASLS 4528,68,2
NEUR 4420,67,2
HMGT 3426,12,2
THEA 1736,22,3
SOCW 1032,65,2
EDTC 3990,48,1
HIED 3447,25,3
MPH 1476,18,1
DASC 3359,7,3
PUBH 1405,2,1
ENGL 1103,59,3
CMED 4041,10,1
PSYC 3406,26,3
GERM 1573,9,1
DRED 3006,41,3
PATH 2035,40,2
FACS 1291,75,3
HIST 1308,32,1
ENTR 1617,12,1
ETHN 3308,18,1
SOCW 1275,3,3
FINA 1688,22,2
ARTH 4401,60,2
HIMA 3757,28,3
PHIL 2280,53,3
MAST 2468,26,3
SUTO 4740,16,3
PHLY 4012,41,1
BITE 3995,73,1
SAFT 1856,17,3
HDFS 2220,45,1
HIMA 4200,62,3
NURS 1143,14,3
HSMA 2260,47,2
MIS 3704,69,3
RELI 3249,71,2
ENVE 2204,44,2
SAFT 2921,43,3
NUTR 2214,43,2
AERO 4026,54,2
MATE 4006,48,2
ENED 3985,2,1
ART 1440,65,1
DNCE 3005,17,3
PSYC 3122,66,1
IPAM 2185,1,2
GIFT 1097,3,3
MPH 3862,6,2
BIOE 2821,39,1
SECS 4410,18,2
ENGR 2591,46,2
GEOL 2700,56,2
SOCW 3075,40,2
MCBI 3006,65,2
ICTN 1331,13,2
TCHR 1470,47,1
ENGR 3341,61,1
WOST 1573,2,2
GIFT 2891,75,2
HIMA 4553,25,3
SECS 4383,43,1
DESN 1604,70,3
GEOG 2342,64,3
CLSC 3069,26,3
PADP 4007,52,3
PUBH 1687,61,2
NURS 1292,6,2
ELEM 3643,24,1
HIMA 4042,46,3
ASIA 3137,29,2
ICTN 4634,39,3
NUTR 4440,40,3
NURS 3484,74,2
GRBK 3353,55,3
INTL 2530,2,2
MKTG 1676,53,3
DASC 1016,31,3
ATEP 4714,54,3
LIBS 2652,70,2
ENTR 3094,23,1
FILM 4271,55,2
COHE 1659,38,2
IENG 4295,55,1
ETHN 2215,3,3
AAAS 2407,35,2
BIOS 4900,53,3
ASLS 2080,66,1
GERO 4636,39,3
UNIV 4831,60,1
RUSS 4813,64,2
BIOL 3311,40,2
ENGR 2526,35,3
NEUR 2949,29,1
DASC 3194,37,3
CLAS 2948,22,3
SPAN 3574,58,2
BISC 4778,51,3
RUSS 4898,58,1
BIOS 4121,15,3
CSDI 2613,50,2
FILM 2269,46,3
SPED 1671,68,1
OCCT 4056,16,2
ACCT 4706,11,1
JUST 1900,31,2
EDTC 1847,30,3
HNRS 3126,25,1
ENED 3785,41,3
RONC 2465,23,1
LDHE 4546,45,1
HPRO 4691,14,1
ETHN 1238,36,1
DNCE 2636,21,2
PADM 2792,62,3
ANAT 4388,42,3
CSCI 2421,44,3
NCST 2280,24,3
MGMT 4503,12,1
BIOC 2437,38,2
HLTH 3947,26,3
HSMA 4221,8,3
ARTH 1256,52,1
AAAS 3326,64,3
MULT 1545,33,2
ITAL 4316,26,1
FINA 3857,23,2
ITEC 4150,49,1
EHST 3354,71,1
AAAS 4342,38,1
GERO 2607,4,3
LDHE 1604,16,3
FREN 2133,70,3
ANTH 1096,67,3
SECS 4884,72,3
LATN 2385,2,1
NUTR 1620,47,2
ANTH 1386,44,1
OMGT 2819,54,3
POLS 2163,64,1
SUTO 2375,60,3
IENG 3416,43,2
ITAL 4398,35,3
RUSS 1417,50,2
GIFT 1136,58,2
SOCW 3164,13,2
THEA 4848,51,1
HIED 3797,56,1
ETHN 2291,55,2
ARTH 1797,53,2
DASC 4109,43,1
MIDG 2765,29,2
COAS 3599,55,2
SOCI 4595,51,3
ATMO 4807,24,2
ICS 2420,1,1
ITAL 3728,74,2
HIED 3510,75,3
ADED 2492,4,1
COAD 3855,64,2
PATH 1381,51,2
DASC 4459,30,1
FILM 2085,29,2
HLTH 1245,15,3
BIOE 3941,55,2
IDSN 2111,3,3
ENED 4370,16,3
TESL 4051,7,3
ENVE 3138,40,1
BIOL 2022,61,1
PSYC 1112,69,2
ICS 3052,68,2
ANTH 4252,29,1
LATN 4562,32,2
EHST 3699,2,2
ART 1856,48,1
BISC 3722,10,3
BMSC 1910,32,3
AAAS 3340,52,3
PLAN 4440,57,1
IRHE 1133,42,3
CLSC 1823,44,1
ITEC 4018,71,3
INTL 4319,73,3
PLAN 2358,72,2
CMGT 4783,33,2
POLS 1008,67,1
MKTG 4653,45,3
ONCO 3811,27,2
NUTR 4259,58,2
DASC 3929,66,3
WOST 2998,13,1
MCBI 1334,40,3
LATN 2730,64,3
PHYS 4365,27,3
ENTR 1115,48,3
AERO 4186,26,1
BIOL 1362,12,3
PHAR 3817,45,2
FORL 2118,26,1
PLAN 4008,68,2
MULT 3254,25,3
RUSI 2538,58,1
NURS 1342,37,3
SPED 4741,74,2
ENGL 3142,74,1
MGMT 3827,72,3
NCST 4881,33,1
RUSI 2741,9,2
GEOL 2706,58,3
ANTH 1535,74,3
CHIN 4409,59,2
SOCI 3397,4,3
ICS 2742,5,2
GEOG 2165,5,1
NUTR 2630,17,2
SECS 1306,55,1
GERM 1324,18,2
SENG 2498,54,3
CSCI 3923,44,3
MCBI 2165,1,3
GRAD 2667,46,1
FLGC 1563,26,3
GENS 3186,17,3
THEA 1640,5,1
PHYS 4291,1,1
BIOC 2210,47,3
HIMA 4168,45,2
LING 2646,9,1
SOCW 4220,72,3
PATH 3560,41,3
MAST 4677,55,1
OMGT 4509,56,2
LDSP 4426,40,3
JAPN 3240,14,1
PUBH 1410,5,2
MRCH 1642,49,3
RCSC 4536,38,2
HSMA 1480,68,3
IDIS 4729,11,2
GERM 4810,44,2
GEOL 1104,41,1
ICTN 3131,15,1
ARTH 3730,57,1
BIME 4251,1,1
GRK 1905,31,2
SAFT 4733,74,3
ADRE 2072,30,1
BIME 4473,47,1
HIST 3999,61,3
SOCW 3807,47,3
GRAD 2217,63,1
HNRS 2037,12,1
DESN 2870,35,3
SECS 2162,54,3
EDUC 2586,57,3
MRCH 2410,70,1
FILM 1330,62,3
IDIS 1166,60,3
PHIL 4854,11,1
SENG 2455,3,3
CLAS 3960,20,2
ART 4460,44,2
OCCT 1804,20,1
LIBS 3145,55,3
ATEP 1788,25,1
JAPN 2803,46,1
ADED 2541,39,3
NURS 1124,31,3
MKTG 3631,47,3
ENGR 4220,9,1
KINE 1456,30,2
DASC 1684,38,2
ECON 2080,42,3
GERO 1890,36,1
CSDI 1620,73,3
GERM 2495,18,3
HPRO 3575,52,2
MIS 4615,3,1
GEOL 1107,60,2
SOCI 3948,70,1
RONC 2101,14,3
HIMA 1518,55,3
MCBI 2421,74,3
ITAL 2112,51,3
JAPN 3440,73,2
PHAR 3277,1,3
TESL 4900,23,1
ENED 4093,45,2
RONC 1352,16,1
FINA 3829,58,1
PADM 2129,68,2
THEA 3531,44,3
ADRE 1963,34,3
EENG 4576,3,1
PTHE 3311,9,1
IRHE 3185,19,1
HLTH 4137,15,3
COAS 4593,10,2
ENVE 2589,40,3
MGMT 3602,47,2
BIOL 1929,15,2
COMM 1234,8,2
OMGT 1379,17,1
CHEM 3438,35,2
PATH 4812,18,1
RELI 3875,18,2
ETHN 3008,69,3
PATH 1774,30,1
UNIV 1090,51,2
BIOE 2456,7,3
PATH 2398,75,3
ISE 3898,23,3
ECON 1600,11,3
UNIV 3249,56,2
PSYC 3310,3,1
MGMT 1889,72,3
EHST 4051,74,1
DRED 1016,25,2
ATEP 2883,49,3
DESN 2575,56,2
NUTR 4128,66,3
LDHE 1762,65,1
PATH 4051,58,3
KINE 4050,64,2
ATMO 3932,28,2
PTHE 4658,65,3
DASC 4469,44,3
MRST 3591,55,1
ENED 3606,50,2
ART 4680,21,1
ASLS 2453,2,2
CMED 4755,31,3
MATH 2237,14,1
CHEM 4524,53,3
ASIA 2782,5,1
MGMT 1503,28,1
FACS 2466,59,2
BMSC 3365,65,1
RUSS 3873,54,1
ADRE 3113,16,3
BIME 2208,24,3
CSDI 2447,26,3
IDSN 1241,1,2
FREN 4186,53,1
NUTR 4178,9,2
CSDI 1441,50,1
CHEM 4412,17,1
ISE 2502,1,3
MRCH 1438,37,3
ATEP 1809,74,2
HIMA 2306,9,3
WOST 2707,31,1
AAAS 3123,19,1
JAPN 3353,28,2
HIST 1684,48,3
LING 2860,67,1
BIOE 4091,9,1
ADRE 1277,50,1
UNIV 4643,9,1
GEOG 1051,31,3
GRBK 4758,19,1
ENED 2699,42,1
HIST 4728,8,1
FACS 1168,51,2
SOCW 4124,1,3
RONC 2331,27,3
ATEP 3116,51,3
MATH 2165,64,2
NCST 2352,35,1
ADRE 3625,7,2
SAFT 2536,56,1
COHE 2465,33,2
OMGT 1877,38,1
JUST 1577,33,1
ENED 2119,72,2
PADP 1891,12,1
AAAS 4064,7,3
COHE 4623,6,3
AAAS 1143,49,3
HLTH 1270,48,3
EDTC 2587,11,1
PLAN 2623,63,1
LING 1042,59,2
SUTO 4577,61,2
DASC 3825,2,3
INTL 4554,63,1
SECS 3618,42,3
COMM 1082,23,2
MCBI 4539,20,3
FILM 3255,68,3
PADM 4756,9,2
MLSC 2975,17,1
DNCE 2920,70,3
ADRE 3110,58,2
NURS 4133,4,2
FILM 2238,28,3
DNCE 2594,11,1
MKTG 2767,63,1
NEUR 4081,31,3
MULT 1873,66,2
HPRO 4140,73,1
ANAT 2679,36,1
RCSC 4153,63,3
PADM 4851,71,1
ITAL 3764,27,1
FORL 4369,10,1
MIDG 1726,46,2
MRCH 1061,67,1
COAS 4223,74,1
GENS 2317,53,2
HLTH 4193,21,1
IDSN 1360,61,3
IENG 4844,20,1
HIMA 2340,45,2
GERM 4441,24,3
HDFS 3509,55,3
LIBS 1287,58,2
PATH 1147,62,2
EDTC 1669,50,1
DNCE 3784,17,1
MCBI 3411,75,3
ENVE 1714,15,2
HDFS 4177,1,2
NCST 4407,15,1
GEOL 1619,11,2
MLSC 2463,68,1
TCHR 2458,58,1
MENG 3746,19,1
CSDI 1404,4,3
NURS 2387,75,2
BIME 1158,22,3
MULT 2202,72,1
FLGC 4281,5,3
LATN 4121,34,2
FILM 1338,53,1
CHIN 3392,56,2
DESN 3337,66,1
AAAS 2797,10,2
ELEM 1070,33,2
ECON 1152,14,1
DESN 1086,1,1
GRBK 1685,55,3
HNRS 3484,38,1
FILM 1873,2,2
EDTC 2886,42,2
ADRE 1260,15,1
BIOE 1998,68,3
MAST 4557,66,1
ADED 3252,19,1
ONCO 2225,31,2
ENED 3574,47,1
ARTH 4609,18,3
MGMT 4034,56,1
SECS 2041,65,3
MUSC 2277,67,2
ASIA 1720,73,2
ENVE 2145,5,1
GERO 2135,71,2
BIOL 4274,23,2
ART 4333,66,1
AAAS 4429,21,3
MRST 3822,4,3
IPAM 2467,26,3
RUSI 2646,54,1
GLST 2875,4,3
EENG 1107,34,1
MRST 4163,71,3
IPAM 4152,8,2
RUSS 3123,9,2
ATEP 3950,48,2
SUTO 3640,49,1
ANAT 1621,48,2
HIED 3771,45,1
FLGC 2664,22,1
DESN 3614,14,1
BISC 2835,70,1
IRHE 4500,12,1
MGMT 2036,9,2
OMGT 4595,61,2
READ 2985,46,1
MAST 2933,56,2
ITAL 4499,6,3
MATE 3806,68,3
PATH 2168,72,2
ARTH 2159,48,1
ICTN 4794,39,1
FACS 1802,35,3
SUTO 1603,68,2
COMM 1942,58,1
NEUR 1490,16,3
NUTR 4025,69,1
ECON 3747,12,3
GRBK 3479,6,3
FREN 2015,74,3
FREN 4694,69,2
MIDG 4829,74,1
WOST 3782,51,1
ENTR 1904,52,3
FINA 2093,14,1
RUSS 2923,41,1
MULT 3115,44,1
SAFT 1374,75,2
ICTN 1246,48,3
CHEM 4876,13,2
HDFS 4418,12,3
ECON 3420,52,3
ITEC 2765,27,1
SPAN 3575,4,3
DNCE 4238,35,1
PLAN 2085,68,2
JAPN 3786,66,3
CLSC 2234,45,1
PHAR 3167,9,2
RCTX 3248,39,1
PTHE 1875,32,3
ENGL 2085,40,2
ENGL 1073,33,3
NURS 1680,71,2
ATMO 4395,49,3
SCIE 4870,12,2
FILM 2676,28,2
BMSC 3773,5,3
PTHE 2645,5,1
FILM 2898,9,2
SOCI 2371,25,2
ETHN 2396,17,1
ISE 3680,11,1
BISC 1053,63,1
PUBH 2531,5,2
SCIE 1682,72,3
PTHE 2315,75,1
NEUR 2742,28,2
EDTC 2533,6,2
FORL 2460,29,2
COHE 3039,31,1
GERM 3339,41,2
BIME 4650,68,3
ANAT 2290,16,1
CLSC 1235,47,2
JAPN 1722,23,2
MCBI 3002,37,3
RCSC 2983,58,1
PHLY 2184,3,3
COAD 2234,61,3
ETHN 3554,45,1
THEA 2357,15,3
GRAD 3602,45,1
HDFS 2881,31,1
ICS 1656,3,3
FREN 2338,36,2
MPH 2419,30,3
GENS 1257,12,3
DNCE 3056,34,2
IRHE 4085,75,2
LING 1646,1,3
BIOC 1406,52,1
MAST 4046,15,2
PATH 1577,54,3
GRAD 1580,17,2
HIED 4204,56,3
ENED 4221,36,2
MKTG 4560,48,1
MUSC 1842,56,1
ARTH 1480,26,1
SOCI 4700,52,1
FACS 3584,25,3
HPRO 2336,64,1
RCTX 4749,18,2
EDTC 1159,50,1
ADED 3644,65,1
PLAN 3961,36,3
DRED 3789,62,3
EDTC 4209,60,3
HIST 2703,17,1
THEA 1328,51,2
BITE 1322,51,2
MATH 2310,34,3
GERM 4399,20,2
NCST 2357,25,3
MRST 2782,49,1
RCSC 2890,74,3
FACS 3435,43,2
ECON 1950,45,3
SPAN 2095,60,1
MIDG 2030,3,1
GEOG 4001,27,1
PLAN 1789,18,1
ICTN 1649,74,3
COAD 1105,44,2
RELI 2122,65,2
RELI 2792,10,1
RCSC 1395,58,1
ACCT 3294,38,2
HSMA 4661,1,1
MRCH 1623,51,2
COHE 2633,12,3
HIMA 3284,62,1
ART 3616,18,1
ONCO 2319,22,1
HIED 3168,22,3
GEOG 3036,73,1
HIMA 3810,30,3
BIOS 1302,19,1
MPH 2983,60,2
MRST 1085,15,3
PUBH 3703,62,1
DNCE 2492,24,2
HMGT 1291,56,3
LDSP 1507,47,1
NURS 2691,39,2
LING 1351,72,3
RUSS 1921,15,1
ENTR 3039,39,1
OCCT 1870,67,3
ENGR 3116,26,1
MUSC 4191,27,2
ITEC 2828,1,3
OMGT 3189,20,1
ANAT 1645,74,2
PUBH 4637,70,2
TESL 2857,73,2
RONC 2686,50,1
ASIA 3335,39,1
PATH 1212,67,2
RONC 4811,37,1
DRED 2660,8,3
BUSI 4349,13,2
JUST 4081,20,3
MIS 2963,71,2
POLS 2478,33,3
BIME 1115,20,2
CMED 1804,7,2
NURS 2565,9,2
ITAL 4091,49,3
CSDI 2458,39,3
FILM 2762,46,1
MRST 1659,10,1
ONCO 3081,75,3
RCSC 3431,25,1
ISE 1623,49,2
GLST 4609,21,2
SECS 3031,5,1
GEOL 4674,21,3
THEA 2008,54,1
MLSC 3296,32,3
PHYS 3201,20,1
PATH 2787,19,3
ETHN 1531,42,2
BUSI 1819,34,2
UNIV 4199,33,2
SUTO 2307,52,1
MIDG 1056,3,3
ITAL 4606,21,2
CLAS 2978,44,1
BIOS 1586,74,1
RONC 3584,61,2
GLST 3429,58,3
PATH 3368,38,2
ONCO 1265,27,2
HMGT 4102,60,2
OCCT 3096,68,3
HUMS 3554,9,1
IENG 3867,39,3
WOST 2985,45,1
HUMS 2216,7,2
HSMA 1109,21,3
SECS 1857,17,2
GIFT 3395,48,3
RCSC 2509,46,1
SOCW 1438,35,1
READ 2154,40,2
NCST 4378,18,2
NURS 2198,48,2
BIME 2301,22,2
RCSC 1018,51,3
BITE 1888,9,2
HIED 3608,5,1
FINA 1062,69,1
IPAM 4102,67,1
EDUC 1734,52,3
GLST 4445,38,2
GRAD 3130,65,1
HIST 2135,63,3
RCSC 2530,68,2
MRST 4721,68,3
JUST 4434,21,1
GERO 2967,61,3
SENG 1148,39,3
CSDI 1259,40,2
COMM 3729,70,2
SPED 3884,6,3
RELI 1573,35,1
IPAM 1927,15,1
COAD 3832,1,3
HNRS 3492,40,1
SUTO 3462,53,1
LDHE 3565,47,1
GERO 2046,48,1
FILM 4770,4,2
MGMT 1847,28,3
CSDI 1832,73,2
CHEM 2528,64,3
EHST 4377,1,1
SOCI 4317,56,2
MLSC 1651,26,3
PADP 1603,34,1
KINE 2106,12,3
ARTH 2958,31,2
CHIN 2080,23,2
SOCI 1120,74,1
ASIA 1751,67,3
ITEC 2372,67,3
LDSP 1671,2,1
COAD 3673,32,1
COAS 1162,71,2
RCTX 3958,49,3
NCST 1353,26,3
MIS 1812,49,2
ATEP 3028,4,2
IPAM 4726,54,2
BITE 3708,59,1
SPAN 1706,34,3
EDUC 1788,6,3
HIST 2162,14,2
PHIL 2869,47,2
GERO 4036,1,3
KINE 4341,20,1
SAFT 4154,1,3
RCSC 3582,35,1
GLST 4781,66,2
FORL 4287,13,3
HLTH 2926,66,1
TCHR 4426,61,2
ENED 3817,33,3
SENG 2336,74,1
ITAL 3922,9,2
ENED 3741,8,3
MENG 1322,67,3
MRST 4205,55,1
AAAS 3296,24,2
PUBH 1561,74,2
CSDI 3423,36,3
BISC 1415,5,3
ICS 4711,52,1
PTHE 2087,9,2
CLAS 1169,11,3
COMM 4558,70,1
FINA 3824,61,3
MRST 4597,54,2
IPAM 4234,8,2
HSMA 2078,44,3
READ 1351,61,3
BIOL 1041,55,3
PADM 1034,74,3
IPAM 4118,73,3
EENG 4703,28,3
ART 2737,26,1
AAAS 1546,51,2
ART 4715,38,1
ECON 3870,33,1
GRAD 3585,58,1
EHST 2749,63,2
PHAR 4123,4,3
ACCT 3319,54,2
MGMT 3471,25,1
ETHN 1496,23,1
SOCW 1318,28,2
PADP 1842,19,3
HUMS 3322,73,1
ATMO 1997,55,2
LATN 3199,48,1
IPAM 4053,59,2
ENGL 1305,11,1
NEUR 2382,12,3
NURS 2748,7,1
PHLY 1304,75,2
ANAT 4387,18,3
CMED 4642,73,1
EENG 4436,6,2
CHEM 4103,27,2
HDFS 2589,67,3
BITE 3440,55,2
ATMO 1796,33,3
MIS 4121,68,3
MIS 2628,6,1
IRHE 2400,42,3
IDSN 2740,24,1
LATN 2599,41,2
BUSI 3456,50,1
MATH 2091,52,3
DESN 1518,65,2
UNIV 3650,48,3
MUSC 3370,73,2
ENED 2389,29,1
MATH 3391,11,3
WOST 1286,12,2
HIED 2626,39,3
INTL 3708,40,2
PSYC 4295,63,3
ANAT 4240,40,2
HIST 4015,47,2
FILM 2494,17,2
BISC 1227,27,3
HNRS 3142,3,3
ONCO 1031,67,1
PATH 1946,72,2
CHEM 1797,56,2
GEOL 2014,64,2
ASIA 3318,9,3
COHE 3922,55,2
LIBS 3650,51,3
FILM 4160,7,2
ITEC 4012,73,3
HIST 1259,41,3
HIED 2874,54,1
EHST 3370,36,2
EHST 1201,41,2
OMGT 4788,48,1
HIST 4074,71,3
SENG 2736,72,2
CSDI 1221,36,2
ART 4669,62,1
MRCH 2850,55,3
ICS 2265,28,3
BIOE 1260,61,1
ATEP 1846,7,3
SPED 4852,7,2
COAD 3294,4,3
ENGR 4773,38,1
PHYS 1188,12,2
CMED 3475,39,3
ASLS 2379,67,1
LATN 2853,49,3
FINA 3817,57,1
CSDI 2061,38,2
PTHE 3751,48,3
PATH 3089,1,3
JUST 2589,53,1
CHIN 1539,64,1
ETHN 4241,4,1
SOCW 1767,63,3
LDSP 1569,71,1
SPED 2492,23,2
NEUR 3636,68,3
ACCT 4871,44,1
AAAS 2393,59,2
FREN 2452,66,2
PHLY 2640,39,2
COAD 1175,51,3
IPAM 1707,31,2
COHE 1094,7,2
HSMA 4139,47,1
BIOL 4272,56,3
MRST 4656,19,1
NEUR 4225,24,1
BUSI 1879,30,1
JAPN 2136,45,1
MKTG 3055,35,2
GEOG 1017,18,1
TCHR 1778,46,1
IRHE 4087,73,3
BIOC 1680,26,1
PLAN 3316,33,1
MENG 3815,40,1
SPAN 3032,51,3
JUST 3237,74,2
MGMT 4026,49,3
RUSI 3306,60,3
POLS 3844,9,2
ART 2823,71,2
WOST 2738,18,1
CSDI 1254,19,3
DRED 3358,40,2
SAFT 1396,38,2
MPH 2638,55,3
IRHE 3459,17,1
EDTC 4291,29,3
INTL 3587,60,2
HDFS 1675,43,2
ISE 4194,30,1
ATEP 4804,31,2
GENS 4211,26,2
BIME 2726,3,2
MGMT 1561,23,3
ACCT 3837,56,1
ENGL 3282,46,1
UNIV 3852,20,3
HUMS 3267,59,1
SCIE 2348,36,1
ECON 1292,24,2
COAD 3584,52,3
GEOG 2589,69,2
RCTX 3478,54,2
BIOS 1465,27,3
PLAN 3576,66,3
ARTH 2681,60,3
BIME 3793,58,3
ASLS 2922,34,1
MKTG 1607,32,1
MAST 4668,18,1
MUSC 2984,52,1
MRST 4126,57,1
ART 4411,62,3
MATE 3107,71,2
PHIL 2796,46,2
MRST 3108,74,1
LING 4536,16,2
DRED 3051,23,3
MGMT 3233,45,1
SPAN 2866,55,1
ETHN 2366,61,1
OMGT 3412,1,2
EENG 4013,50,1
BUSI 1162,37,2
EDUC 3458,25,2
ITAL 3840,56,2
IENG 2145,5,2
HPRO 4087,14,2
ETHN 3545,55,1
EHST 3340,3,1
LDSP 4289,57,3
ELEM 1193,23,2
PLAN 3811,11,3
BIOL 2796,45,1
OMGT 1387,59,1
SCIE 4725,2,2
LDSP 1949,67,2
IPAM 4846,36,2
IRHE 1559,57,2
PUBH 1061,46,2
ANTH 1941,33,3
PHIL 2342,75,3
SAFT 3111,35,3
MATH 4493,31,3
ICTN 3491,38,1
RCSC 1698,67,2
LIBS 2140,46,3
IRHE 3253,31,3
MATE 3036,26,3
BUSI 3178,41,3
READ 3950,57,3
PHAR 3120,28,2
MULT 4781,21,1
HIST 3064,75,2
FREN 3311,32,1
BUSI 1006,6,2
BIOS 4042,14,3
ICS 2210,62,3
CSDI 2013,64,1
ECON 1328,46,2
FLGC 3351,74,1
FINA 4231,62,3
FREN 4794,24,2
NUTR 4288,31,3
WOST 3060,71,2
HLTH 1717,55,3
READ 2066,9,2
NUTR 2064,21,3
HIMA 3845,63,2
UNIV 2639,68,1
ITEC 1453,70,2
ITEC 3040,53,3
HPRO 1317,45,1
RONC 4172,30,2
LDHE 2732,59,3
LIBS 4734,26,2
GERM 4330,35,2
GRAD 4768,2,1
PHIL 3204,28,2
FACS 3653,69,1
FINA 2362,31,2
TCHR 4773,60,1
RUSS 2469,55,3
MAST 4515,10,1
PHYS 3276,72,1
IRHE 2954,71,2
GRBK 2730,41,1
ATEP 1745,6,1
CMGT 1449,24,1
MATE 1748,11,1
MIDG 1456,28,2
AERO 2516,20,3
NURS 3871,59,1
EDTC 3011,35,3
ASLS 1041,17,2
NURS 4647,17,3
NUTR 2366,50,1
TESL 3887,32,1
HUMS 2118,13,2
JUST 2479,66,1
PHYS 1020,12,2
CHEM 1329,42,2
HMGT 3636,31,2
SOCI 2783,67,2
PHYS 3851,9,3
CMED 4017,68,2
MUSC 2983,43,3
HUMS 2548,26,3
DESN 3250,42,1
EHST 3126,44,2
TCHR 1454,48,2
NURS 3135,31,2
BUSI 4673,22,1
AAAS 4800,59,1
SENG 3003,24,1
PUBH 3253,57,3
FREN 1033,67,1
HPRO 2188,43,1
BIOS 4132,4,1
BIME 3943,72,3
LATN 3249,47,3
HNRS 4698,60,1
NCST 1011,36,2
RONC 4371,8,2
RCTX 2395,58,3
ELEM 4340,65,2
GEOG 3084,41,3
FREN 4202,74,2
ASLS 1331,2,2
NEUR 3191,75,1
SENG 2449,13,3
MIDG 3751,21,2
JUST 4704,73,2
SUTO 4197,11,1
RUSS 1460,13,2
PHAR 4573,14,2
LIBS 3886,58,1
SENG 3992,65,3
EDUC 3143,35,1
COHE 2345,44,1
BMSC 2874,35,2
AAAS 4893,50,1
BIOE 4238,67,3
SOCW 2461,32,3
IENG 1225,68,1
DNCE 2684,48,3
FACS 1752,38,2
PLAN 4136,20,2
RUSI 4813,35,1
ATMO 3421,38,2
READ 3243,13,3
FLGC 1872,10,1
OCCT 2311,18,2
MRST 2972,2,3
PTHE 1926,23,1
ECON 4186,60,1
FLGC 4206,36,1
LDHE 4407,72,3
MAST 2896,32,2
ASLS 1691,47,2
OMGT 2366,55,2
GLST 4297,18,3
ADRE 2282,66,2
PTHE 2844,63,3
SPAN 1769,58,1
ITAL 3308,75,2
LDHE 3603,38,3
RUSI 3561,61,2
EENG 3627,18,2
SENG 2271,51,3
SAFT 4343,70,1
LIBS 3203,5,1
CSDI 3897,7,2
CMGT 2787,11,1
WOST 3099,14,2
BMSC 1084,58,3
CHIN 3374,65,3
BISC 2913,33,1
JUST 3203,46,2
PTHE 1759,67,1
NUTR 2547,48,2
MRST 4182,21,3
CLAS 3765,17,1
DNCE 1409,61,3
ATMO 1442,73,2
CMED 4539,49,3
HLTH 3645,48,2
ECON 3019,31,2
SUTO 4732,24,2
HIED 3008,33,2
GRBK 2537,45,2
GIFT 4475,30,2
ASIA 4263,10,3
ATEP 2224,21,3
COAS 4549,64,1
COAS 1415,9,3
HLTH 3285,33,2
LDHE 2640,53,3
MENG 3289,1,3
LATN 2583,19,3
FINA 2310,41,2
LEED 2519,14,1
ART 3997,74,2
ECON 3126,58,1
DASC 4769,27,1
CHIN 1857,24,2
MUSC 1041,32,3
CSDI 1600,38,3
HDFS 2237,44,3
BIME 3493,8,1
HMGT 1570,50,3
GENS 4156,69,3
MULT 4573,71,1
AERO 2088,17,3
IDIS 3445,65,2
SOCW 2681,62,2
HMGT 3708,8,3
CMED 3505,21,3
FLGC 2315,33,1
GEOG 2936,75,3
WOST 1698,45,3
SENG 4897,14,2
KINE 3648,49,2
SPAN 1018,72,1
CLSC 2475,10,3
CMGT 1653,47,2
RELI 3176,7,2
SENG 2864,44,2
HNRS 2822,13,2
COMM 2009,20,1
MPH 3682,6,3
CSCI 2873,15,2
COHE 4822,58,1
LIBS 2834,49,3
HDFS 1242,51,3
FINA 4165,36,2
HLTH 2454,66,3
LING 4890,22,2
CMED 4475,41,3
FORL 1095,49,3
EDTC 4308,29,2
HNRS 4114,25,2
HUMS 4028,25,1
KINE 1145,56,2
ENVE 1069,27,1
MIDG 1385,40,1
ENED 2458,7,3
MUSC 4601,34,3
HPRO 4333,15,3
CSCI 4712,66,1
LEED 1421,15,2
PADP 1926,20,3
PUBH 4028,12,1
ELEM 1336,24,3
ADRE 1645,10,3
ETHN 1078,13,2
LDHE 4720,34,2
RONC 3714,34,1
ANAT 2921,42,3
CLAS 3058,62,2
CMGT 1076,7,2
NEUR 2416,49,1
HIST 2500,42,1
ATMO 1829,4,1
MAST 3605,15,1
MRST 3655,49,1
MRST 1814,34,3
ICS 1237,61,3
NURS 1017,54,3
IPAM 2573,34,1
WOST 2540,61,1
BMSC 3172,62,2
RONC 2534,5,2
FILM 2044,60,2
HSMA 2579,12,3
MULT 3471,74,1
PHLY 3985,72,1
ENGL 2199,75,2
PUBH 3931,40,2
MLSC 3832,6,3
LDHE 1503,49,2
DRED 3136,24,2
HSMA 1442,51,3
ONCO 4769,50,1
GENS 4428,27,2
IRHE 1666,46,2
MLSC 2587,11,2
BIOL 1523,23,1
AERO 4208,54,2
ENED 3496,33,2
MLSC 2707,11,3
UNIV 3276,73,3
ISE 3318,27,1
FINA 2091,23,3
PUBH 1878,59,1
BUSI 3321,16,1
CLAS 4707,32,3
CSCI 1476,69,2
SOCW 2231,20,3
TCHR 4198,1,1
HLTH 2479,46,1
GRAD 3551,29,1
SENG 2249,54,3
NEUR 4682,37,1
PUBH 3558,37,3
DESN 1927,9,3
BIOE 2049,29,2
MCBI 4043,55,2
PHLY 4667,30,3
HIMA 4439,60,1
MGMT 2283,34,2
BIOC 4108,72,2
RUSS 4098,32,2
SECS 4584,33,3
KINE 4831,25,2
NEUR 4666,36,1
HLTH 4329,46,2
ISE 3675,47,2
OMGT 2272,58,1
MCBI 4488,73,1
SENG 3354,53,3
BITE 1041,44,3
COAS 2008,40,2
IDIS 2070,48,3
MIS 3068,75,1
LDHE 4422,71,2
LEED 1495,53,2
LDHE 2629,73,1
GLST 4156,55,1
AAAS 1318,9,3
GENS 3987,48,3
ASIA 4532,75,2
TCHR 2465,10,3
GRAD 4293,67,2
GRBK 3491,2,1
ENGR 4791,23,3
PLAN 2514,55,3
FORL 3099,27,3
GEOG 3415,4,1
RUSI 3154,63,2
IENG 4809,31,1
RONC 3529,5,1
ART 3488,4,1
ANTH 2234,49,3
IENG 3848,30,2
HLTH 3309,71,1
BIOL 4051,16,3
MLSC 4282,32,3
HPRO 4375,21,2
CMED 4496,12,1
ICTN 3957,62,3
FILM 4535,28,1
MGMT 1208,35,2
LDSP 4540,58,1
GRBK 4576,46,2
NURS 3544,1,3
RONC 3953,13,3
ECON 2039,31,1
SAFT 3159,35,2
HIED 4301,13,2
FINA 4087,41,2
LEED 4652,51,2
BIOE 2363,23,3
MIDG 2844,11,2
MIDG 3975,27,1
TESL 3050,34,3
ATMO 2172,35,2
FACS 1561,68,3
MCBI 1825,23,2
TCHR 2274,9,2
BIOE 3065,57,2
RCSC 3502,37,2
HIMA 1784,66,1
BUSI 1311,37,1
BIME 3531,38,1
MIDG 2727,50,3
DRED 4403,62,3
HSMA 3966,70,2
NURS 2554,37,3
SOCI 1803,13,2
NCST 4461,20,2
OMGT 2721,31,1
PHAR 2636,41,1
POLS 3464,28,3
CHEM 1795,55,3
OMGT 3984,19,3
HDFS 4497,53,1
LDHE 2275,46,2
SOCW 3373,22,2
FREN 2734,54,2
MULT 3723,1,1
CSDI 1173,28,1
MULT 1370,14,2
LDHE 4008,31,2
ICTN 1076,73,2
MUSC 2671,14,2
BIME 4286,33,2
HUMS 4618,57,2
GRBK 1794,38,1
AAAS 3722,60,1
MPH 3212,62,2
MULT 3898,9,3
ENGR 2278,43,1
PHYS 1047,51,3
NURS 2798,1,3
PUBH 1957,46,3
ASIA 4054,17,3
ADRE 2533,54,3
DASC 2365,46,1
SECS 3446,12,2
CMGT 4562,39,1
FILM 4333,37,2
ENVE 3791,60,3
ETHN 4472,35,1
DESN 1203,51,1
PATH 1486,67,2
BISC 3584,7,3
CLSC 4369,63,3
ENED 2436,27,1
ATMO 1008,4,3
PLAN 2259,27,1
LDSP 1019,14,1
SECS 1751,13,3
GRK 4868,70,3
COAS 4636,41,1
GRAD 2839,23,2
HIST 4504,45,3
ATMO 2414,8,1
NCST 1774,57,2
MKTG 4033,57,1
POLS 1937,59,2
ASIA 3177,68,3
MATH 2717,59,2
ANTH 1835,44,1
LIBS 2000,52,2
DNCE 4109,1,3
PHIL 1004,17,2
GRAD 2060,20,2
GLST 2841,69,1
READ 4286,21,1
GRAD 4350,45,3
OMGT 2365,74,2
SCIE 2403,39,2
POLS 3438,18,2
NEUR 4149,69,1
IPAM 2170,40,1
MPH 2713,27,1
SECS 3784,75,3
PHLY 3472,30,1
MATE 2722,9,3
DRED 3179,71,2
GRAD 1264,41,3
CSCI 3510,24,3
GIFT 1601,61,3
BIOS 4151,60,3
ENVE 2285,38,3
SECS 3433,19,3
SOCW 2024,5,1
WOST 1355,56,3
COAD 2886,74,2
COAS 3702,74,1
READ 3636,51,1
GRBK 3049,55,1
MPH 2509,70,2
BIOC 4534,65,3
OCCT 2658,69,3
IDSN 4881,22,1
ARTH 2051,27,2
GLST 1032,68,2
CMED 3602,45,1
DNCE 1742,67,3
RUSS 2051,49,1
GENS 3820,41,3
ENTR 2466,10,2
ENTR 3780,52,2
GENS 1473,67,2
HUMS 3763,21,3
MAST 2964,31,2
EDUC 2103,37,3
RELI 2434,31,2
MRST 4472,4,3
COAD 2063,17,2
FACS 2871,65,1
SENG 4257,30,2
CLSC 1049,52,2
NURS 2076,49,1
ONCO 4326,25,2
SOCW 3768,36,1
GIFT 2253,49,3
HIST 4722,57,1
ELEM 3487,41,1
ACCT 3597,60,1
ADRE 3643,45,1
GRAD 3679,47,2
MATE 4500,50,2
TESL 4316,37,1
CMGT 4328,16,2
BIOS 1184,20,1
MRST 4617,1,3
HUMS 3659,71,2
UNIV 1520,1,2
BIOS 4315,30,3
READ 3905,6,2
BIOS 4593,25,1
POLS 1258,25,2
ICS 2923,71,1
LING 2331,9,2
MCBI 1295,8,3
PHYS 3498,42,1
HMGT 4424,60,3
ICTN 1690,64,3
HIED 1960,57,2
PHYS 4118,43,1
ART 3193,58,3
SENG 1045,37,3
COHE 1873,12,3
SPAN 1805,75,3
DESN 4673,40,1
CLAS 2234,33,1
HSMA 1139,61,2
FORL 2695,18,3
AAAS 1933,25,3
PADM 4046,47,3
SECS 3369,26,1
CHEM 1963,31,2
SAFT 4380,12,1
RUSI 2967,14,2
COHE 1380,16,1
NURS 1867,27,1
PHLY 2359,26,1
INTL 2341,54,2
PHAR 1682,18,1
MPH 1049,44,2
TCHR 2101,63,1
GEOG 1348,26,1
MATE 4664,75,1
RUSS 1839,58,3
GRBK 4018,45,2
EDTC 2463,71,1
LEED 2794,54,2
SCIE 3528,14,3
AERO 2982,62,3
DASC 2422,57,2
IRHE 2990,11,1
PADM 1192,61,2
HNRS 1659,22,1
ARTH 1610,59,3
RCTX 1477,73,2
HLTH 2882,45,2
LING 1803,49,1
GLST 1881,13,1
EDTC 1472,61,1
MCBI 3242,74,2
BIOC 2926,11,3
CMED 2998,56,3
WOST 1772,72,1
FILM 4356,42,1
ISE 2131,32,1
WOST 2375,5,3
COMM 4081,26,3
ITAL 2851,1,3
IPAM 3947,11,1
MATH 4799,62,2
BMSC 2107,16,1
BISC 1045,74,1
BMSC 3426,44,1
IPAM 3023,45,3
NUTR 3102,57,1
LDHE 3593,42,2
MKTG 3675,60,2
ENVE 1864,35,2
RUSS 1030,55,1
ASLS 2727,55,2
FILM 4051,25,2
PTHE 2494,32,2
ONCO 2162,37,2
ANAT 1585,46,3
GRBK 4339,60,3
IPAM 2716,49,2
MUSC 1924,30,2
MAST 2443,28,2
SUTO 1801,51,3
ELEM 1089,75,3
BMSC 3435,27,2
GENS 1385,7,2
CMED 3633,29,1
MAST 2792,25,1
PTHE 1725,30,2
COAD 1643,33,2
LIBS 2175,22,2
PTHE 2178,29,3
ICS 2851,37,2
PHAR 2238,47,2
GERM 2911,1,1
BITE 2327,75,1
MIDG 2355,35,3
GEOG 2066,9,3
ANAT 1948,28,1
SOCW 4739,2,3
PTHE 2996,65,3
HDFS 4361,72,3
BIOS 3321,26,3
PADM 4878,32,2
HSMA 4134,63,1
MKTG 4573,42,1
SUTO 2134,37,3
ANTH 2547,65,1
HMGT 1395,16,3
THEA 2705,15,1
MGMT 3436,69,3
PTHE 4483,62,3
DNCE 4436,34,3
SOCW 1334,56,3
CLSC 3393,42,1
LING 2707,40,2
OMGT 4782,1,3
CLSC 3270,52,3
NUTR 2692,43,2
ENTR 3486,60,1
ENTR 4418,45,2
SPED 4188,15,1
GRK 1285,74,3
WOST 1201,15,1
ONCO 3861,64,2
COAS 4069,56,1
MRCH 4680,33,1
LATN 4734,26,1
IRHE 3702,58,3
JUST 2904,28,3
DASC 3386,64,2
RUSI 4218,13,3
ENED 2819,68,1
BIME 1253,42,1
PADM 3915,24,3
SOCW 1646,15,3
TCHR 2567,63,3
MUSC 1312,11,2
LATN 1413,12,2
THEA 4402,41,2
BIOL 4388,54,1
MUSC 1941,63,2
ASIA 1756,7,1
OCCT 2506,56,3
HIMA 1224,13,3
PADM 4365,40,3
ANTH 4044,66,3
ETHN 3200,3,1
GEOL 2254,42,1
MGMT 3389,62,1
INTL 4637,62,3
ECON 3599,50,3
PHIL 4664,35,3
ACCT 3094,5,1
LDHE 1939,57,3
NEUR 1649,25,3
GIFT 4451,38,1
ITEC 3354,4,3
HIST 3130,23,3
CSDI 2234,71,3
MGMT 1174,30,3
NEUR 1845,40,2
NCST 2754,1,2
LING 2164,23,2
GRK 1229,28,1
ATEP 3466,59,1
IDIS 1075,75,3
NEUR 1393,19,3
PHAR 2607,51,3
HIST 1742,54,2
AERO 3054,33,1
MRCH 1555,38,1
BMSC 2681,7,3
LIBS 3299,21,1
RONC 4215,30,2
THEA 4453,55,3
FILM 2946,32,3
DRED 2899,11,1
EDUC 3491,6,1
MATH 2520,54,3
MIDG 3728,42,3
PADP 2003,41,2
MIS 2515,22,2
COHE 4574,36,1
BIME 4367,50,2
LEED 3109,21,3
PHAR 4823,6,3
GRK 2939,71,2
CLSC 1157,25,2
COAS 3781,31,3
COMM 3327,65,3
PHIL 2908,2,3
CMED 4434,61,1
THEA 2598,31,2
AERO 1438,59,1
HPRO 2209,34,3
NCST 3030,47,2
CHEM 1289,34,2
SENG 1853,38,2
FILM 1811,36,1
HNRS 3995,27,1
ITAL 1492,35,3
PHYS 2585,11,2
ENTR 2136,23,2
ITAL 4660,56,3
SCIE 4116,36,3
ENED 2929,32,3
RCTX 4190,23,3
ANAT 2805,14,3
PADM 4530,52,3
IDSN 1221,2,2
SPAN 3076,53,1
ECON 4060,12,3
GEOG 2323,12,1
CSDI 2968,28,1
DNCE 2538,51,1
ADRE 4520,28,3
GRAD 4225,69,2
COHE 2233,67,2
MIDG 1423,3,3
EHST 2871,62,1
BISC 4841,31,2
PLAN 4120,13,1
HDFS 1111,23,2
TESL 2271,23,2
THEA 3016,35,2
SOCI 1360,19,1
ECON 4689,57,3
BIOS 2258,34,1
DESN 1804,7,3
ANTH 3570,8,3
COAD 2458,58,1
MRCH 1249,30,2
MKTG 4804,13,2
DNCE 1384,29,2
DASC 1285,29,1
COMM 3331,19,1
ACCT 1298,13,1
LEED 3572,53,3
PHAR 4775,52,2
COAS 4490,1,3
EDTC 1960,25,3
LEED 1081,39,3
JAPN 2936,60,2
ONCO 2093,75,3
HNRS 2511,50,2
ICS 3093,3,3
EHST 3369,4,1
TESL 2890,75,3
TESL 2192,17,2
PHLY 2463,21,1
GEOL 4104,52,1
PHYS 4165,45,3
TCHR 4248,73,3
BMSC 3205,13,3
MAST 4065,2,3
SAFT 3812,71,1
MENG 1466,11,3
ATEP 3868,2,3
GRBK 1047,37,3
HIED 1517,56,3
NCST 2877,33,3
BIME 1430,19,2
PADP 1002,36,3
AERO 3734,20,2
AAAS 4295,29,3
GIFT 3436,4,2
LING 1435,19,3
COHE 1303,75,1
PATH 1861,49,3
DRED 3740,24,1
PADP 4247,39,1
JUST 3523,9,3
ADED 1317,43,3
EHST 4253,11,3
HNRS 3971,5,3
GERO 3815,34,1
ACCT 1346,26,1
RCSC 3769,69,1
TESL 2143,18,2
ADED 2756,74,2
MAST 3492,70,1
LIBS 1868,17,1
SPED 3279,34,3
BISC 3983,68,1
ANTH 2315,41,3
THEA 3577,24,2
UNIV 3435,19,3
ANAT 3980,28,3
CLAS 2602,12,1
LING 1624,21,3
SUTO 3192,37,1
PHLY 4534,71,1
LATN 1180,30,1
HIED 3751,29,2
ART 4842,12,1
GEOL 4707,19,1
COAS 2952,68,3
RCTX 4168,37,3
ICS 3120,10,1
HIST 3596,12,2
CLAS 4649,29,3
CMGT 1125,69,2
DRED 1378,61,2
COAS 4041,41,3
ARTH 4373,63,1
HDFS 2291,7,1
DNCE 4305,1,1
RCTX 4221,58,1
RUSS 3699,37,3
PHYS 4853,45,2
IDIS 1124,64,3
ANAT 2434,36,2
ACCT 4344,72,1
RONC 4450,72,3
HUMS 4247,19,3
ONCO 4357,50,1
GRBK 4690,13,1
SUTO 4676,65,2
KINE 3609,56,1
ENGR 3370,70,3
BITE 3107,39,2
DNCE 4517,69,2
MATH 3695,11,3
RUSS 4792,48,3
MENG 4020,35,3
BIME 2202,20,1
MRCH 2557,5,2
SUTO 2067,35,1
FLGC 1443,75,1
RCSC 2413,72,1
COAS 1145,30,2
LING 3103,39,2
IDSN 4775,63,2
BUSI 2989,4,1
SUTO 1304,71,1
SENG 2567,75,3
PLAN 4837,74,3
RELI 4255,26,3
LING 4410,54,1
CSCI 1652,56,3
SPAN 2650,26,2
OCCT 2132,49,1
COMM 3618,48,2
MUSC 2470,5,2
ISE 1946,17,2
NEUR 1197,9,2
HUMS 1497,44,3
FACS 4686,43,3
ISE 2585,23,2
PATH 3519,45,2
MRCH 2959,12,2
ART 2828,63,1
HPRO 3508,42,1
NURS 2261,28,1
THEA 2290,62,1
HUMS 1543,60,3
FACS 2900,38,1
EDTC 3338,22,1
LDSP 2017,11,1
SCIE 4106,12,1
COHE 1875,57,3
GLST 3819,29,2
NEUR 2549,37,1
GEOL 3115,34,3
ATMO 3551,17,2
ANAT 3428,66,1
HMGT 3299,5,3
BIOS 2590,52,2
HMGT 3883,75,1
IENG 1119,50,3
MENG 2434,39,1
FILM 1506,19,2
GERM 1962,6,2
BIOL 4631,56,1
MAST 1191,13,2
HSMA 2296,34,3
ADRE 4667,62,3
RUSS 2683,50,2
PADM 3024,12,2
SECS 4518,57,3
AAAS 4398,37,3
IPAM 3760,21,2
WOST 1199,57,2
READ 1938,32,2
ONCO 1161,46,1
LDHE 2870,42,2
ICTN 1845,67,3
PHYS 1006,17,3
UNIV 3975,72,2
MPH 4631,16,3
KINE 4174,48,2
GERM 4201,9,1
BIOC 2806,24,3
SPAN 2127,65,1
ITAL 3095,44,1
MKTG 4457,65,1
IDSN 1209,28,1
LDHE 4267,4,1
GRAD 3444,32,2
NEUR 3544,67,1
MPH 3383,54,1
MIS 1060,12,2
EDTC 2652,47,1
RUSS 1591,10,2
MULT 3131,12,3
IENG 2224,49,3
SPAN 3090,51,3
LDHE 3996,17,1
SOCI 3490,18,3
FREN 4430,50,3
NCST 1810,63,3
RCTX 4525,40,3
ANAT 3776,51,1
ITAL 3404,45,3
WOST 1404,43,2
SUTO 1456,39,3
ADRE 4210,58,3
FINA 4854,36,3
ENGL 3894,12,2
HIST 2170,51,2
FORL 3690,36,1
MCBI 4351,62,3
MIDG 1566,9,1
MGMT 3753,44,2
ICS 3081,12,3
SOCI 1163,31,1
PTHE 2289,57,2
PADM 2516,27,2
COAS 3521,40,3
BIOC 4000,14,3
EHST 1723,18,3
MRCH 1823,45,3
NCST 1484,62,1
PTHE 4705,42,1
ATMO 4097,25,3
CSDI 2221,13,2
MRCH 3307,43,1
RCSC 3564,21,1
RCSC 1421,28,3
SECS 1248,32,1
SAFT 4043,71,3
PHYS 4300,49,3
MAST 3683,8,2
LDHE 2282,45,1
ENGR 4292,39,1
SAFT 1357,58,1
LING 4328,71,2
HPRO 3380,4,1
CMED 2685,18,1
SENG 3219,72,1
HPRO 2946,66,2
CLAS 3859,9,3
BIME 2756,69,3
JAPN 3164,12,2
TCHR 3254,26,2
GERM 2346,5,2
PHAR 4606,15,2
INTL 3892,41,2
COAD 4498,72,3
SPAN 1995,11,1
GEOL 4144,26,1
MULT 1779,31,1
DRED 2698,23,1
UNIV 4459,55,1
WOST 4718,49,1
ECON 4747,3,3
OCCT 2750,12,2
NCST 4648,29,3
GERM 3486,38,1
MRST 2808,42,3
ENVE 3661,64,2
COHE 1228,26,1
CMED 4087,9,2
BIME 2565,72,3
LEED 1655,50,2
HIST 3760,29,2
EDUC 4873,16,3
GRK 1365,46,3
NEUR 1856,40,2
HDFS 4558,37,3
PATH 3433,56,3
SAFT 3467,3,3
UNIV 1325,13,2
EDTC 2197,53,2
GEOL 3689,63,3
PLAN 2509,42,3
FACS 1340,28,1
ART 3369,52,3
ITEC 1441,6,2
MRST 3559,6,2
SPED 1897,32,2
GERO 1331,30,1
OCCT 3555,49,2
MATH 4024,32,1
RCTX 2206,40,1
OMGT 4717,27,3
IDIS 3785,59,3
RCSC 2105,40,1
ENED 3405,15,1
PLAN 1625,31,3
LEED 3751,14,1
EENG 4152,1,3
EENG 4551,51,3
MUSC 1913,51,2
CHIN 3170,55,1
EDUC 4453,66,1
ADRE 4582,31,1
MIDG 4073,23,2
SCIE 1140,64,2
PUBH 2580,60,1
ISE 2560,52,3
ART 1262,38,3
SOCI 1231,9,1
SAFT 3908,72,2
MKTG 3329,19,2
SENG 1774,20,3
ASLS 3346,39,2
SECS 4796,45,3
MGMT 4524,21,2
MPH 2948,52,1
MCBI 4308,66,3
EDUC 2092,23,1
IRHE 3837,49,1
NCST 2405,58,2
GRBK 2643,65,2
ELEM 4071,39,2
MIDG 2050,4,2
MPH 2548,10,3
HSMA 4393,36,2
GERM 2334,17,1
ANTH 4534,48,1
MATE 1565,41,3
COMM 3108,62,3
NURS 3655,2,3
MLSC 3719,29,1
ATEP 3229,36,1
NCST 2000,30,1
ICS 3301,46,3
LDSP 1595,48,1
PHIL 3930,51,2
HUMS 2960,3,1
SOCW 4108,3,3
WOST 4491,14,1
LATN 1835,6,1
IENG 1091,12,3
FINA 1608,40,2
LING 1186,75,3
ADRE 3490,70,3
ANAT 1964,48,3
SCIE 4440,50,1
HIED 1025,18,1
NURS 4413,63,2
MRST 2082,14,2
FILM 3298,28,1
BIOS 3738,50,2
SAFT 4538,41,1
BIOL 1584,5,2
RCTX 1085,43,2
KINE 4020,5,1
ECON 2790,30,2
SUTO 1268,57,1
RUSI 3121,57,3
SOCW 2914,2,3
FREN 3668,26,3
SECS 3458,28,3
ANTH 3069,3,3
IRHE 3255,31,1
ADRE 1479,7,2
ANAT 3372,46,2
HNRS 2035,2,3
JUST 1197,55,1
RCTX 1929,10,1
PUBH 3388,26,3
ANTH 1916,42,1
ELEM 1973,65,1
TESL 1109,54,2
ANAT 1845,10,1
ENGR 4739,15,3
NEUR 2050,22,3
EDTC 4206,47,2
INTL 2402,19,1
ELEM 3247,33,1
HLTH 3777,34,1
ITAL 2543,23,3
FREN 3171,66,2
GLST 2368,55,2
TESL 2311,29,1
HLTH 4476,25,3
FACS 4255,2,1
MKTG 1334,51,2
ARTH 4238,21,1
PTHE 2720,24,1
UNIV 4023,8,1
ISE 2425,63,1
HMGT 4821,40,2
ENED 4451,44,2
CLAS 4750,12,3
LING 3551,36,3
GENS 3969,61,2
ONCO 2450,56,1
GIFT 1403,29,1
ICS 3851,5,2
ENGL 2435,62,2
LATN 3110,3,1
HUMS 1640,60,3
ENTR 4000,65,2
COMM 3750,52,3
RELI 2431,44,2
KINE 1626,55,1
ICS 2997,43,3
HIED 1195,69,2
ANAT 4221,58,3
MENG 2886,68,1
ENTR 4441,25,3
MCBI 2682,42,2
FLGC 1697,10,3
ENTR 1060,2,3
HMGT 1147,37,1
UNIV 2103,61,3
HMGT 2217,45,3
CLSC 3913,61,1
FLGC 3273,51,1
JUST 4661,47,1
ONCO 2574,15,1
EDUC 3144,66,2
CLAS 2742,12,3
HDFS 2939,57,3
SENG 3631,15,2
ISE 1848,41,1
PHAR 3543,4,2
ETHN 2083,44,2
TCHR 3259,9,1
TESL 3173,36,1
HDFS 1859,15,1
CLAS 3482,31,1
HIED 3914,67,1
EDUC 3943,39,3
WOST 3208,73,1
EENG 1302,35,3
CMED 2113,13,2
BIOC 3751,46,1
RUSS 3380,67,1
MATH 2407,47,3
HIMA 2452,40,3
COMM 4203,32,1
HMGT 2807,75,1
MENG 2778,27,3
MLSC 3201,20,1
SPAN 4611,1,2
PADP 3216,6,1
BUSI 1349,32,3
EENG 2421,18,3
AERO 4528,23,3
IDIS 2745,56,2
OCCT 1671,44,3
CMGT 1412,40,2
HNRS 3303,58,2
HIED 1521,37,3
OMGT 4801,15,2
GRAD 3171,69,1
BMSC 2728,20,2
GIFT 3350,36,3
NUTR 2404,42,3
HIMA 4568,24,1
BIOS 1749,27,2
SPED 4888,42,2
GERO 1877,67,1
OMGT 4638,58,1
INTL 4565,21,2
NURS 3007,42,3
ASIA 1346,19,1
FINA 3644,3,2
GRK 4321,54,2
BIOS 1101,45,1
HSMA 1744,8,3
DNCE 4150,12,1
RONC 4211,34,1
BISC 1863,3,3
PHAR 2983,65,3
HUMS 1246,40,2
DNCE 4279,53,2
IDSN 4113,62,2
FREN 2947,21,3
POLS 2117,52,1
ATEP 4413,41,1
HIMA 2683,69,2
GRK 3691,68,2
MUSC 2466,42,2
RONC 2653,74,1
FINA 3643,69,1
ITAL 3119,50,1
ENTR 1006,1,1
EDUC 2975,20,3
MLSC 1065,70,3
COMM 2794,68,2
PATH 3270,32,2
IENG 3190,54,3
RCTX 3824,43,3
DNCE 1582,11,3
ENGR 1976,59,3
ANTH 1208,57,2
MULT 4858,38,1
MENG 3940,48,2
OMGT 4023,55,1
NUTR 2111,37,2
ANAT 1701,71,3
IPAM 1283,15,1
BITE 1335,62,3
FORL 4254,60,1
NUTR 2758,62,1
HUMS 2371,17,3
HIST 3270,19,2
MLSC 1367,32,3
AAAS 1353,22,3
ATEP 4832,19,2
HLTH 1725,9,1
MRCH 2690,74,3
HDFS 3080,17,1
HIST 4597,18,1
BIOL 1109,13,3
AAAS 3109,36,2
BIOE 1466,46,2
ARTH 3413,26,1
RONC 2064,57,2
LDHE 3698,53,1
RUSS 1024,56,1
ICTN 3639,41,1
INTL 4730,71,3
NEUR 4787,7,2
ENED 4345,55,1
MULT 4870,50,3
DNCE 2009,48,2
RCSC 1865,71,3
LDHE 3919,23,2
ADED 3374,64,2
ADRE 1432,24,1
MRST 1343,19,2
FORL 1055,36,2
LATN 3976,55,2
HNRS 2087,29,2
DESN 4255,10,3
LATN 3595,56,1
NURS 2620,62,3
CLSC 2055,24,1
GEOG 3247,33,3
GIFT 2488,3,1
MATE 4345,10,1
FACS 4698,14,1
PLAN 4848,17,1
FILM 4546,1,2
ANAT 4732,11,3
MKTG 2906,50,2
POLS 3569,45,3
BIOS 1903,31,1
BIOL 3125,46,1
JUST 4762,14,1
RUSI 2881,33,2
IENG 2610,65,2
HIST 1192,72,3
HIMA 3282,70,1
ART 3746,12,2
ITAL 4362,61,2
NUTR 4852,58,1
POLS 4380,14,2
EHST 1876,16,3
BITE 3427,60,3
ITAL 2925,53,3
IDIS 3462,4,1
SPAN 2136,20,3
POLS 2242,37,3
IDIS 1551,42,3
NUTR 4193,44,2
BMSC 1339,35,1
IDSN 2308,31,2
RUSI 4833,75,2
ETHN 4013,63,1
ITEC 4404,11,3
ENTR 4132,74,3
BIOS 3728,3,2
ICTN 4369,45,3
WOST 3655,57,2
ICS 3050,66,2
GRBK 2474,1,2
MCBI 1637,65,1
ARTH 3945,71,1
LATN 1478,22,2
EDTC 4439,26,1
ADRE 2240,46,3
HSMA 1930,36,3
LING 2597,11,1
MLSC 4048,75,2
PHIL 1935,12,1
HIST 2696,16,1
IRHE 2113,21,3
CMED 2016,19,1
DRED 4229,55,2
RELI 1016,62,2
BIME 2210,32,1
UNIV 3792,55,2
ACCT 1698,18,3
BUSI 2994,20,3
ATEP 2137,11,2
HMGT 4737,22,3
RONC 4006,69,2
ASLS 2176,31,2
BITE 3516,13,1
ATMO 1437,16,2
RUSI 3906,61,1
IPAM 3967,22,2
ATMO 1774,39,3
DESN 2681,10,2
CSDI 1102,26,3
UNIV 1247,9,3
FILM 3008,42,3
CMED 3815,66,3
FREN 1021,8,1
PHAR 4214,47,3
GIFT 1644,64,2
MATH 3266,4,2
RELI 2291,63,2
ATEP 2165,37,2
ADRE 1445,66,3
IENG 3778,67,3
GRBK 4193,73,2
GERO 4713,62,2
OMGT 3923,16,3
ENVE 4242,23,1
IDSN 2327,26,1
COHE 2919,17,1
RONC 3528,20,3
ICS 2312,16,1
CHEM 2692,31,1
GERO 1538,40,3
ONCO 1668,36,2
BUSI 3188,6,2
ENED 4654,34,3
MULT 3235,6,1
HIED 3308,43,1
HIMA 4876,65,2
MLSC 3985,8,2
ATEP 4890,70,1
ICS 3047,3,1
DASC 3376,73,2
PTHE 1609,43,3
MRCH 2378,38,2
SCIE 4174,12,1
FORL 2095,12,1
EENG 4370,57,2
MUSC 4388,5,3
LEED 1759,75,3
COHE 1288,6,1
NURS 4130,30,2
SPED 4849,10,2
MKTG 4160,3,3
SCIE 2530,11,2
NCST 1658,14,3
DNCE 4063,72,2
ANTH 2129,9,1
CHIN 1140,34,2
BIOS 3775,65,2
KINE 2825,47,1
LEED 1215,3,1
SOCI 3776,32,2
BMSC 2017,73,3
MGMT 4359,32,1
IDSN 4040,38,3
MIDG 3499,63,1
SAFT 2926,51,1
PATH 4425,46,1
MKTG 4602,14,2
FORL 3828,27,3
MAST 3979,74,3
GRAD 3555,37,1
ENED 4314,13,3
MRST 3050,75,3
GLST 1659,59,1
ENGR 4232,62,3
HIED 3958,69,3
PSYC 2205,27,1
ATMO 4331,39,2
HLTH 3388,29,2
BUSI 3733,14,2
MLSC 1912,56,2
BIOE 3123,3,1
ADRE 4765,26,1
CMED 1306,30,2
SPED 3276,12,2
MCBI 1985,1,3
JAPN 4736,60,1
MLSC 1145,29,3
ART 1437,20,2
NEUR 4219,65,2
LDHE 2002,55,3
IDIS 1030,32,3
FILM 2922,57,1
ASLS 1453,19,2
RELI 2401,66,3
FINA 1829,57,3
IDSN 2814,64,3
ENED 2062,55,1
RUSI 2833,26,2
CSDI 1732,36,2
ITAL 1904,7,1
GLST 3670,39,3
ONCO 2128,71,2
LDHE 4098,11,1
MLSC 3726,27,2
GERM 4597,18,1
EDUC 4811,60,2
BUSI 3577,40,1
GRAD 4667,25,3
GRAD 3304,5,2
COAS 2419,5,3
SECS 1602,39,2
BUSI 1746,6,3
CMGT 1864,60,2
HLTH 4290,36,1
ETHN 1178,27,1
EHST 3115,26,1
RCSC 2427,10,2
DESN 3272,70,2
PUBH 4868,75,1
READ 3545,73,1
EHST 2102,62,1
SCIE 4337,29,1
UNIV 1995,19,3
HIMA 4214,67,3
FLGC 1500,5,1
PHAR 1334,31,2
ENGR 2774,53,2
MCBI 1009,61,3
LDHE 4203,18,3
RUSS 3906,28,2
LEED 2890,24,3
MGMT 4187,42,2
UNIV 2985,6,3
OCCT 4634,46,3
SECS 4412,9,3
FACS 2383,43,3
IRHE 4679,63,2
CMED 2507,32,2
HIMA 2714,52,1
BISC 1549,1,1
DESN 2574,28,1
GRK 4437,44,3
KINE 2543,42,1
PHYS 2689,22,1
SENG 2072,36,1
CMGT 2731,41,1
MIDG 2670,13,3
PHAR 2895,59,3
ETHN 2373,20,3
GENS 3705,32,3
SOCI 4618,40,3
IDSN 2070,28,2
BISC 2360,65,2
DESN 3252,72,2
BIOL 4479,67,3
POLS 3426,71,3
COMM 2552,25,3
ICS 4728,17,1
GRBK 3257,19,2
OCCT 1689,23,2
MPH 1355,22,3
ATEP 3375,48,2
COMM 2586,3,1
GRK 3052,28,3
HMGT 4603,70,2
JAPN 2334,58,2
MULT 1340,30,3
KINE 3875,71,3
DNCE 1739,2,2
ECON 2938,35,3
WOST 3915,32,2
PHAR 1925,61,3
TESL 2710,43,1
ART 4437,45,3
FINA 3071,66,1
FLGC 3481,4,2
MLSC 3901,70,1
GIFT 1204,9,1
CHEM 1277,71,2
SPAN 2437,68,3
SPAN 4225,71,1
GIFT 3336,37,2
MIS 1801,21,2
BIOC 3759,50,1
ANAT 3475,56,2
PTHE 3757,68,1
SENG 4141,66,1
ATEP 3881,41,1
HIST 1439,33,3
IDIS 2052,49,1
SOCW 4728,75,1
FILM 4065,48,1
MPH 3946,23,3
BIOL 2447,19,1
RONC 3099,61,1
EDUC 1056,68,2
IDSN 4764,41,3
ACCT 2515,49,2
ENED 4853,17,2
BIOC 3461,44,2
THEA 4821,34,1
TESL 3788,10,2
SPED 4050,49,3
RONC 2587,1,3
ONCO 2937,64,3
OCCT 1314,57,3
COHE 2613,74,3
GERM 3811,61,2
ELEM 1636,51,3
KINE 1908,14,2
MIS 1589,62,1
IDSN 3917,44,3
MATE 1491,32,3
OCCT 1466,59,1
SPED 3603,42,3
LDHE 1579,13,2
HIED 3721,39,3
PSYC 3284,29,2
MLSC 4600,68,1
ENGR 2777,58,3
NEUR 4845,2,2
ASLS 2309,12,3
MULT 1785,1,3
RELI 3143,49,2
ENVE 1715,31,3
ICS 2861,36,1
PHLY 1485,6,1
GRAD 3446,20,2
EDTC 3880,15,2
HSMA 1776,66,3
MRST 4626,45,3
HMGT 3742,47,1
LEED 3674,61,1
EHST 1464,53,2
LDHE 2016,17,2
ITAL 1581,37,1
ICTN 2298,70,2
MLSC 1005,43,2
PADM 1530,31,1
EENG 1301,29,3
CSDI 3741,6,1
PHAR 2270,57,2
SOCI 2374,14,3
CMGT 2267,23,2
HIST 2771,60,3
FILM 4778,52,2
IRHE 2519,56,1
RUSS 1381,30,1
NURS 2791,14,3
AERO 2351,70,1
AERO 4396,33,2
MIDG 1428,21,3
HIED 3868,38,1
ART 2048,46,3
HIST 1086,24,1
CLAS 3436,55,2
WOST 3231,74,1
DNCE 2759,73,2
JAPN 2085,3,1
ADRE 2584,65,2
BMSC 1052,70,1
ENTR 3946,39,2
SAFT 3706,24,2
NURS 4072,32,3
IRHE 2998,34,2
RCSC 3224,68,1
ONCO 2083,26,3
TCHR 1817,74,2
GERO 1407,28,3
SAFT 3287,32,3
MLSC 2897,72,1
EDTC 2020,39,3
ASLS 2918,1,3
MULT 1330,48,2
LATN 3292,25,1
GERM 1151,51,2
CSCI 3871,21,1
WOST 3745,66,3
ENED 3347,17,2
SENG 2307,75,3
HDFS 3252,45,1
ETHN 1427,26,3
GERM 3777,73,3
PADM 3485,47,1
GRAD 1903,12,3
IPAM 3252,57,3
MKTG 4766,16,1
DASC 1927,32,1
MUSC 2650,37,3
PTHE 3237,18,2
FILM 4443,68,2
SUTO 4587,34,2
ASIA 2028,29,3
TCHR 1184,46,3
MENG 3660,27,1
READ 3239,28,1
MIS 3059,72,2
ICTN 3217,40,2
BISC 3694,49,2
MUSC 3719,51,1
TESL 3867,34,3
KINE 2567,20,2
GERO 2404,57,2
BIOL 2437,36,2
PUBH 3700,13,3
IPAM 1030,63,2
MENG 1079,5,3
ELEM 3254,50,1
SUTO 1974,1,2
SUTO 4770,2,1
IENG 2767,69,1
LATN 4388,24,1
RONC 1193,43,2
BIME 3961,24,1
ATMO 4441,51,1
ASLS 3100,53,2
NEUR 4888,70,2
AERO 4072,40,1
DRED 4372,68,1
ELEM 2727,40,2
LIBS 4785,28,2
BIOL 2904,5,3
HPRO 4840,9,1
PADP 2295,27,2
GEOG 1562,34,1
ISE 2741,68,2
READ 2112,66,2
MENG 3935,72,1
BIOC 2390,54,3
LEED 1292,10,1
CSDI 4325,61,3
THEA 3759,75,1
MIDG 3279,23,3
MLSC 3988,7,1
MGMT 2991,58,3
CLSC 3594,69,1
SENG 4855,63,1
MPH 3642,60,3
ICS 1071,31,3
SUTO 4497,19,3
ATMO 1109,18,3
MAST 3332,15,3
GRAD 1600,65,1
NCST 2232,60,2
LIBS 3596,47,3
BIME 3318,2,1
JAPN 3227,63,3
ENED 2237,65,2
SOCI 2711,1,2
COMM 4845,31,2
PLAN 4404,21,2
MIS 1272,71,2
LIBS 1072,44,2
RONC 3991,5,3
ADRE 1447,10,3
PHIL 2913,34,3
SAFT 3210,56,1
RONC 1227,47,1
ART 3737,31,2
PHYS 2498,13,2
BITE 2040,51,1
RCSC 2290,25,1
TESL 2165,56,2
HDFS 4133,25,3
HPRO 2041,25,1
LING 3266,9,2
READ 4454,60,3
MATE 1046,55,2
GERM 1409,55,3
BMSC 1219,13,1
ELEM 2883,19,2
MRCH 2640,54,3
NEUR 2907,32,1
EDUC 3216,53,1
OCCT 2917,65,2
FORL 4682,21,2
EDUC 4157,60,3
GENS 2313,35,2
LATN 3366,36,1
BIOE 1185,58,2
HDFS 3787,69,2
PADP 3861,12,1
SENG 3420,36,3
MATH 3725,64,1
BMSC 3125,66,3
LDHE 1400,7,1
RCTX 3156,66,1
PSYC 3045,63,3
RONC 4759,51,1
PSYC 1958,56,1
BIOE 3969,65,1
ARTH 2519,25,3
ENTR 1027,66,3
ARTH 4586,67,1
BIOE 4131,46,1
ITAL 1648,55,3
ATMO 2090,6,3
IDIS 1418,38,2
SCIE 3746,40,1
MATH 4748,43,1
MIDG 1179,44,2
PHLY 4742,17,3
RUSI 3580,49,2
ASLS 2561,17,1
SENG 2540,2,3
ANTH 1091,48,2
ADRE 4357,17,3
CLSC 3033,23,2
NURS 1135,2,2
COAS 4584,12,3
AAAS 4333,30,2
CSDI 3670,55,3
ANTH 1058,11,2
BIOL 3425,9,2
AERO 4331,20,2
MATH 3105,29,2
FILM 2738,66,2
MPH 2625,5,3
ITEC 1909,32,2
HIED 1570,58,1
AERO 2589,70,3
MKTG 2359,30,1
PADP 2154,61,3
SOCW 3739,21,2
HSMA 1119,31,3
UNIV 2948,15,1
POLS 2160,21,1
GENS 1248,1,2
AAAS 1254,39,1
FREN 1219,7,2
GEOG 3004,55,2
BIME 1585,55,1
ASIA 2518,10,3
ITEC 2134,66,1
UNIV 3561,1,1
HSMA 2767,63,2
RONC 3193,13,1
HNRS 3430,73,2
KINE 3759,35,1
NUTR 1463,2,3
EDUC 2742,73,2
RCTX 3590,1,3
SOCI 3963,61,3
GLST 2913,27,1
PLAN 1742,30,1
SUTO 3881,71,3
PHIL 4180,20,1
MRST 1496,10,3
LEED 3346,4,1
SECS 3845,46,1
BIME 4710,52,1
THEA 2434,18,1
GRBK 4384,25,3
PHLY 2237,60,1
HDFS 3401,62,2
CMGT 3665,35,3
GLST 3850,58,1
MGMT 2337,51,2
UNIV 1099,32,3
ANTH 2934,60,2
PHAR 2529,60,3
ONCO 4491,53,2
OCCT 2492,45,2
SECS 4058,60,2
DASC 1712,69,2
MATH 1429,23,1
MRCH 4060,52,2
SECS 4804,36,2
PSYC 3998,1,3
BIOL 1363,60,2
CSDI 3257,3,1
MLSC 4567,33,1
GENS 2300,4,1
PSYC 2578,37,3
SOCW 3137,65,2
ENTR 1828,36,3
PHYS 4493,37,1
PHYS 2948,55,3
CSCI 4772,62,3
PUBH 3756,38,2
BIOC 4013,24,1
MATE 2712,1,1
COHE 4577,58,2
PHIL 3242,54,3
LATN 2434,53,1
EDTC 1383,17,3
LING 1725,28,1
ATMO 2307,6,2
SECS 3079,57,1
PTHE 1087,2,2
DRED 3117,64,1
HIED 1730,62,3
BITE 3551,46,1
SUTO 2490,25,2
MATH 1815,4,1
UNIV 2545,57,2
AAAS 3603,58,1
NEUR 3351,47,2
MLSC 2556,56,3
TCHR 3661,56,2
ITAL 1222,41,3
IRHE 2949,34,3
HUMS 2511,72,1
HIMA 2562,7,2
OCCT 2620,40,1
MLSC 1586,29,2
MULT 4044,21,1
GRAD 1876,47,1
READ 2506,73,2
BIOC 1490,69,2
MATE 4185,17,2
CHEM 1318,68,2
MATH 2451,9,1
HPRO 4875,58,1
PATH 4263,69,2
ANTH 4071,31,1
ENTR 4317,4,1
MAST 4316,2,2
FINA 4543,5,3
CLSC 3374,12,2
LATN 4307,42,2
ITAL 3841,10,2
MRCH 4416,35,3
PSYC 2533,70,3
BMSC 4338,34,2
KINE 3925,12,3
GIFT 1579,26,3
ATMO 2684,25,1
PHLY 2610,47,1
GIFT 2013,28,3
RONC 1918,57,1
COHE 3510,21,1
DESN 4569,8,3
PUBH 3114,65,2
BIOE 4377,11,1
ENVE 4096,68,1
ATMO 2712,18,3
IPAM 3259,8,2
NURS 4525,7,3
ANTH 2020,3,1
LDSP 4196,17,3
READ 3116,33,3
GERM 2328,57,3
ANAT 1103,31,2
PATH 3472,24,1
SAFT 1528,5,3
DRED 1922,62,3
BISC 3814,14,3
PADM 4792,20,1
CLAS 1727,1,1
COMM 1671,36,1
GENS 2375,19,3
BISC 4699,8,3
NUTR 2828,53,3
HSMA 3078,70,3
MKTG 2391,36,2
BIOL 3107,35,2
RCSC 2620,74,2
ASIA 4622,74,2
NEUR 2415,66,1
BIOS 1870,53,2
BIME 3667,1,2
EDUC 2695,11,1
MLSC 3063,9,2
JUST 3679,16,1
KINE 4701,23,3
ENGR 3120,60,3
SPED 2694,45,1
HIED 2715,66,3
LDSP 3318,61,1
NCST 4334,23,2
ENED 3369,73,3
THEA 3689,32,1
OCCT 1176,67,2
ART 3735,34,3
MULT 3248,49,1
FILM 2201,28,1
SENG 3564,57,1
EDTC 1850,54,3
NCST 3102,7,1
NEUR 2599,20,1
CLAS 4366,31,1
MIS 2025,32,2
MIS 4694,22,3
INTL 3948,49,3
FLGC 4424,35,1
READ 1584,38,1
BIOE 2813,58,3
OMGT 3938,66,3
HDFS 3662,69,3
FINA 1968,2,2
CMED 4661,15,3
FINA 2634,7,3
ICS 1821,21,3
BIME 1650,64,1
RELI 4229,15,1
CMGT 2860,25,1
TESL 4487,74,3
RUSS 3535,63,2
JUST 2078,17,1
MKTG 4300,31,2
IRHE 2642,20,1
KINE 4012,46,1
MKTG 1233,8,3
IDSN 3840,27,2
EDTC 2420,41,3
POLS 1313,18,2
POLS 2880,67,1
HSMA 2257,15,2
BIOE 3360,72,3
INTL 3910,35,1
MATE 3732,66,3
PSYC 4123,31,3
GRK 3597,6,2
ECON 3889,63,3
HPRO 3547,49,1
BIOS 3393,45,2
JUST 1782,58,3
ASLS 1916,31,3
HIED 1908,34,1
EDTC 1644,66,3
PATH 4546,71,2
ADED 3213,33,1
ITEC 1539,3,3
WOST 3903,56,2
ONCO 1419,47,2
COMM 4804,53,1
HLTH 1710,68,2
ICTN 4877,72,1
TCHR 3333,68,2
BMSC 4648,52,2
HNRS 2709,29,2
IDIS 1564,30,2
PATH 3335,47,2
ECON 1647,22,3
COAD 3371,63,3
HNRS 4097,45,2
NCST 1583,60,3
EHST 1347,39,2
ANAT 3131,37,1
BIOL 3569,29,1
HNRS 1243,54,3
SECS 3930,28,3
IENG 4195,6,3
TCHR 3827,28,3
HLTH 4062,51,1
MULT 1599,60,1
ONCO 1272,11,1
HDFS 3166,54,1
IDIS 1247,8,1
UNIV 2076,25,3
FACS 4719,30,1
BITE 4312,11,2
ENED 4562,75,1
IDSN 1703,63,1
SAFT 1880,3,3
PUBH 4434,9,1
BITE 1969,1,2
CMED 2620,72,2
ENED 1624,19,3
MATE 2245,39,3
ENED 1532,7,1
PADM 1909,63,2
PATH 2234,46,2
ATEP 1897,25,1
AAAS 3529,20,1
CMGT 1429,15,3
LATN 2426,5,2
PTHE 4879,27,1
EDTC 3504,54,2
COAD 1960,26,2
BISC 2780,1,1
GRAD 3224,26,3
THEA 1725,54,1
OCCT 3089,33,2
PHYS 1439,13,1
GEOL 3577,8,2
JUST 3305,46,2
PLAN 1798,41,2
FREN 4340,31,3
MATH 3795,38,3
POLS 2540,74,1
IDSN 4241,11,1
ONCO 1553,75,1
ADED 3354,29,3
HNRS 3825,35,2
GRBK 4503,21,3
RELI 1554,54,2
MIS 3036,66,1
GIFT 1186,66,2
ANAT 2649,11,2
UNIV 2842,46,3
GRK 3338,26,2
FINA 4844,56,1
FACS 4493,28,1
AERO 3321,24,2
MGMT 4504,5,2
ISE 1099,33,1
JAPN 3720,39,2
LING 3408,71,1
CSDI 1270,65,1
GERO 4222,75,1
ENGR 3445,62,2
LDSP 1301,53,3
MIS 1958,60,1
HIED 1432,10,1
COHE 1831,13,1
LDSP 1660,26,3
BUSI 2107,5,1
HDFS 2531,72,1
MULT 4041,60,2
EHST 4814,11,2
CMED 2844,67,2
TCHR 3176,69,1
PTHE 2854,46,1
GLST 1502,73,3
ITEC 4444,30,1
GENS 4518,23,3
NUTR 1443,37,2
ISE 4779,75,1
CHIN 3834,25,1
THEA 1371,46,2
DESN 1264,15,2
FACS 2889,14,3
PSYC 3528,27,3
ACCT 1268,55,3
EENG 1860,10,2
ADRE 2107,6,3
TESL 2374,4,3
DRED 4522,2,1
WOST 3574,40,1
FILM 1681,6,3
HUMS 2244,31,3
GENS 1117,69,3
PSYC 2110,24,2
ENGR 2318,53,2
CSDI 4225,13,2
GLST 3914,24,2
BIOL 1212,66,2
READ 2427,18,2
LEED 1936,34,2
GERO 1566,10,2
WOST 3199,66,1
NUTR 3137,60,1
PADP 4030,14,2
ADED 3220,46,1
RELI 1378,42,1
IPAM 1385,46,2
BIOC 1438,26,2
IRHE 3936,32,2
BIOS 4343,3,3
SPED 4899,54,2
CMGT 2053,66,1
RCSC 2651,11,2
MIDG 3132,69,3
HPRO 3532,56,1
RCTX 4862,4,3
ELEM 1179,65,1
HDFS 1227,6,3
DESN 2073,22,2
FORL 4795,67,1
MGMT 1903,72,1
HMGT 4864,15,2
HLTH 2584,47,1
GEOG 4833,55,2
IPAM 3418,59,1
INTL 1180,58,3
TCHR 1655,35,3
BMSC 1683,24,1
RELI 1545,61,3
NUTR 1716,47,1
GIFT 1892,34,1
HNRS 2928,70,2
EHST 3560,41,3
PADP 1166,21,2
SECS 1331,13,3
GRK 2601,17,3
EDTC 1471,15,3
JAPN 4170,63,1
FACS 3178,31,2
GEOL 2090,32,2
GERO 4431,64,3
SAFT 4570,1,3
ATEP 3703,54,1
PADM 3702,15,1
GRAD 3204,72,3
CHIN 4867,44,3
MIDG 2935,25,3
SAFT 3345,75,2
GRBK 3596,53,2
MRCH 3189,3,3
IPAM 1915,18,2
RCSC 1856,36,2
MATH 2823,63,2
FREN 4132,57,1
SPAN 3245,74,2
ENTR 1219,17,1
ANTH 2416,27,3
FORL 3323,64,3
OMGT 3347,8,3
GRBK 2913,16,2
ELEM 4676,15,1
PLAN 1964,43,1
FINA 4396,74,2
SENG 1682,19,1
ENGR 1215,72,1
GEOG 1525,71,2
MULT 3770,23,3
COAD 2444,60,3
PHYS 2366,69,3
GENS 1525,61,1
ENGL 4277,23,2
CLSC 3465,51,2
ONCO 4103,5,2
BMSC 1005,54,2
ICS 2435,66,1
CLAS 2715,33,2
ADRE 2362,20,1
OCCT 2255,7,3
MULT 1306,14,3
IDIS 1275,49,3
HIMA 3006,4,1
PHLY 3731,57,3
BUSI 3002,45,3
PADP 1017,44,3
ARTH 4482,19,3
ASLS 4384,9,2
NCST 1517,22,1
LEED 3986,41,3
IENG 2006,64,3
ISE 3231,17,2
KINE 4819,63,3
COAD 4835,66,3
MENG 4058,8,2
MCBI 2716,74,2
LATN 4356,22,3
MUSC 4898,23,1
GENS 1849,69,1
MENG 2911,4,2
SUTO 2298,26,3
DRED 2254,31,2
COMM 4536,48,2
SOCW 1629,12,1
PSYC 4780,35,3
LDSP 4900,11,3
MGMT 3129,54,2
BIOL 3961,16,2
SOCW 2371,53,2
SOCI 4412,4,1
OCCT 4656,42,2
ITEC 2717,66,1
ENVE 1918,69,2
IRHE 4865,34,1
NUTR 2339,17,1
